id,type
1541958490,User
westcoast_intel,Channel
826316281,User
1603660598,User
eastcoast_intel,Channel
7035380732,User
NTDNews,Channel
7158069157,User
lifesitetelegram,Channel
7054425094,User
1586549664,User
Fighting4_AZ,Channel
realKariLake,Channel
ArizonaAuditLiveFeeds,Channel
BannonWarRoom,Channel
7031195570,User
1474826662,User
QNewsOfficialTV,Channel
1650972440,User
PatriotArmy,Channel
DoctorQsBoomBox,Channel
1122075880,User
realKarliBonne,Channel
5217772064,User
1557567625,User
1973709100,User
6722161440,User
1625245676,User
RedPillDealer4833,Channel
1325555741,User
1405920020,User
1939078268,User
Not_On_The_Beeb,Channel
1608428295,User
1160743014,User
1123306025,User
thepeoplesaudit,Channel
1236267549,User
1652915999,User
NewMexicoAuditForce,Channel
1651920009,User
theprofessorsrecord,Channel
1562610060,User
1555605768,User
ElectionFraud20_org,Channel
1396793202,User
6214680103,User
1502326335,User
1502621640,User
955326594,User
6327075255,User
7137621049,User
1531856406,User
1549013646,User
1403112502,User
Qrashthematrix,Channel
1552643405,User
1454159295,User
1677238043,User
1644618945,User
1471277764,User
thevoiduk,Channel
1801862620,User
1484178067,User
pjwnews,Channel
1363426486,User
856961339,User
1542743642,User
1469089713,User
5758991347,User
1296593526,User
1492375060,User
PepeMatter,Channel
2022576228,User
1610980448,User
1216408745,User
dotconnectinganons,Channel
5182076112,User
piratejohn1,Channel
423748103,User
1467651294,User
1306909885,User
zhivoff22,Channel
320433676,User
162722569,User
1708780087,User
AmericasAuditForce,Channel
1674949216,User
1586403403,User
1574586622,User
5186575792,User
1297412776,User
7176451820,User
1549893656,User
1564576848,User
1638759519,User
TruthHammer,Channel
1055255703,User
1525068077,User
5143044566,User
1688867178,User
1465439260,User
1535115350,User
1458560680,User
1264584202,User
ArrestsIndictmentsJustice,Channel
1889966626,User
6477217467,User
1239576276,User
veryreasonable,Channel
5046475080,User
1513572722,User
1629363077,User
1477482893,User
828986739,User
5598870331,User
1559037789,User
2113889473,User
5224305337,User
1572005621,User
joeoltmann,Channel
1746957931,User
1512290990,User
6362500932,User
1304321669,User
5041926193,User
6795964908,User
1447174802,User
infowarslive,Channel
1899667896,User
1589921462,User
1593470187,User
5160496038,User
1613223815,User
1979819747,User
candlesinthenight,Channel
2035921711,User
609517172,User
blacklistedresearch,Channel
NevsChannel,Channel
ConsciousM8rix,Channel
FuryRoad_Intel,Channel
Jack_Posobiec,Channel
1548355423,User
Vigilant_News,Channel
1847777547,User
1503375553,User
1546519452,User
Brandenburg4MI,Channel
1567469894,User
7156273621,User
161163358,User
whatskraken21,Channel
1542357556,User
GAelectionaudit,Channel
1500072117,User
1739342209,User
1436484654,User
1214624335,User
975463121,User
1607790457,User
1278934794,User
utahfreedomcoalition,Channel
1518525392,User
1472990141,User
LiveFreeOrDie_au_nz,Channel
1298339657,User
1565096831,User
752317993,User
1465135076,User
1574338895,User
QuebecReveille,Channel
1921847761,User
6250360398,User
5615321797,User
trooper_channel,Channel
5388416423,User
ByobluOfficial,Channel
1543750710,User
2128100948,User
6078368127,User
1681057119,User
1505723742,User
599692358,User
1579956314,User
1461137286,User
1990956866,User
1500024104,User
1690106087,User
1457926208,User
1500302643,User
WokeSocieties,Channel
1585049896,User
1971288439,User
thexyztelegram,Channel
54210696,User
1559445500,User
1973267503,User
5861710698,User
1035786715,User
1647796005,User
1566005577,User
1589189831,User
1669479986,User
1949773506,User
5706283284,User
1410796709,User
ladyinfQrmd,Channel
1698334401,User
1672572706,User
1581276175,User
1624020861,User
1543545019,User
followsthewhiterabbit,Channel
623053426,User
1520432689,User
1585454811,User
1617510917,User
676882261,User
6847807785,User
5268365303,User
1562855607,User
1513080833,User
1513135131,User
AuditWINews,Channel
1544885290,User
1592957687,User
1525469702,User
1575249891,User
1548347828,User
1566992352,User
1590011396,User
robinmg,Channel
573411427,User
1388056522,User
309709045,User
sadefenza,Channel
6674369155,User
TruthExposedSA,Channel
5293738156,User
2048805458,User
1576070864,User
6509561902,User
1577200613,User
775000188,User
TraditionalBritainGroup,Channel
1274216897,User
1137992701,User
6156827688,User
6385444896,User
1530608137,User
1896660808,User
1471513942,User
1575318298,User
864931018,User
1990911707,User
1411695482,User
ENDHUMANTRAFFICKING,Channel
2063035509,User
1032091625,User
986490785,User
vaultofsecrets,Channel
6228686072,User
1563076613,User
1982957997,User
1418805625,User
1835460571,User
1449216621,User
1719381976,User
1528949404,User
1556974550,User
1872061318,User
1689114268,User
1889371176,User
2002408832,User
1358299762,User
6219501611,User
548695221,User
5412217287,User
1681036327,User
1506710993,User
HOTWisconsin,Channel
1524765294,User
5076808654,User
7001051906,User
1510558560,User
1461890956,User
1515047411,User
1557084617,User
1390285562,User
1663273632,User
6443952524,User
5098557618,User
1504111651,User
SpecialQForces,Channel
2038219793,User
6664782315,User
958790752,User
7191309812,User
1444955918,User
1508177422,User
1580473727,User
1553310707,User
1041817159,User
1685854555,User
5740879382,User
1588815891,User
1687086560,User
1539555638,User
5640307499,User
822229868,User
1002994743,User
1559464692,User
1597286817,User
1451594862,User
1598326466,User
1155756153,User
1555360881,User
7052128260,User
1507036994,User
6503861835,User
712890121,User
5177648713,User
1018368004,User
1900007080,User
5136177779,User
5941329686,User
1730750759,User
1563015103,User
1625529693,User
1401705646,User
2089214787,User
48691502,User
1507797832,User
1358386052,User
953980739,User
2003942705,User
1555354371,User
1739236457,User
7089257273,User
1563654504,User
1890515425,User
1545802395,User
1474947617,User
1645616303,User
1538680159,User
1524759974,User
2025226506,User
1911334143,User
750910192,User
1398155324,User
1461737428,User
73057659,User
6203404784,User
992852929,User
1146392720,User
1306332580,User
2132159793,User
1522729727,User
6328878510,User
1559713038,User
1920943349,User
1570237577,User
6759932709,User
721331630,User
1412297958,User
Owen_Shroyer,Channel
1764164371,User
pbfcks,Channel
1568936825,User
1222291240,User
6912480950,User
1521093744,User
1676585645,User
epochtimesde,Channel
6878519340,User
1323508374,User
1952121591,User
1570787088,User
947658527,User
1461764119,User
2089340274,User
1437617145,User
670135379,User
950862520,User
1505580445,User
1570731387,User
1578782901,User
6409607254,User
1607316550,User
6768184633,User
stewpeters,Channel
1367372854,User
1527096056,User
639866658,User
784777062,User
1563701563,User
1980090046,User
355261568,User
5187786784,User
1595164151,User
TheHighWire,Channel
1553026861,User
1175311349,User
1562033170,User
90781464,User
7173826981,User
1502138200,User
1579084251,User
7134281527,User
1525027943,User
1559232341,User
1978416732,User
6450857452,User
2030033190,User
1441812918,User
1715072883,User
1519397520,User
1675451042,User
1564821656,User
6339940484,User
tennesseeneighborsforliberty,Channel
1109767162,User
1938922430,User
stormypatriotjoe21,Channel
2113693931,User
1570967062,User
1144582319,User
nan,Channel
5023743798,User
1154353183,User
1557703710,User
5003298772,User
1898677894,User
1309885443,User
6284300018,User
1653599870,User
1705439746,User
1218519530,User
1592737804,User
6876909755,User
1531601400,User
1531866547,User
1528642172,User
943789749,User
1596465598,User
1513106440,User
1567482891,User
5484449792,User
1531693041,User
6421678562,User
1650318278,User
1839794340,User
1738115144,User
6708642873,User
5053281095,User
923049214,User
1677692713,User
1449405159,User
684340312,User
1532613418,User
joeygilbertinc,Channel
1515427934,User
1563969069,User
6901931540,User
1518123824,User
1623095556,User
1581900847,User
1772469501,User
1543492408,User
PATRIOTCHRISTIANNEWS,Channel
1529076764,User
1594696738,User
1596464709,User
1560067473,User
1342518172,User
1542464647,User
1935643205,User
1728089538,User
1599360267,User
1539374787,User
1779523178,User
2113853310,User
1510436216,User
1526799394,User
5591449537,User
1970454037,User
1506128615,User
1545058291,User
1377555777,User
1827375128,User
1160987126,User
1482941469,User
1306980890,User
1525421369,User
1655977471,User
1516132336,User
Blazenherb,Channel
5389601622,User
6550380350,User
1573480925,User
6499816725,User
1538492805,User
1432024870,User
1582662602,User
1743791118,User
1536088403,User
814713124,User
1572167637,User
1518037623,User
1500359685,User
1507626822,User
1657361172,User
2098816810,User
1583069884,User
5199431284,User
1499353765,User
1502203062,User
1551344678,User
1417669720,User
754245621,User
6441508151,User
1512806566,User
1784378706,User
1682427192,User
1525469145,User
2009376949,User
1628856868,User
7015008731,User
1510666577,User
1122541483,User
1533244757,User
1462707804,User
5030183478,User
1543275061,User
1436409696,User
1559228244,User
7106299794,User
6933917353,User
1716444341,User
1328693801,User
1568619719,User
6776407513,User
609407853,User
1594179826,User
6387866013,User
1529511432,User
326946352,User
1534648184,User
1502226494,User
7182180459,User
1593811518,User
1846219276,User
1671386015,User
whitelaborstrikeww,Channel
993917598,User
567287465,User
6835739869,User
1611143220,User
TheWashingtonPundit,Channel
741109252,User
1556518389,User
5817753413,User
7070535406,User
1476817371,User
1505336096,User
1589299740,User
1427797431,User
7062551160,User
801137623,User
7125991313,User
1431920987,User
1516312409,User
6608649069,User
699762192,User
527037447,User
772703119,User
1550353153,User
1531608606,User
tkrofficial,Channel
6270808045,User
5292205585,User
1850496445,User
1585460317,User
1750814112,User
6575918563,User
1734177409,User
1569987591,User
7186694506,User
2117051654,User
1264463733,User
1569527363,User
6675777374,User
1589293225,User
6404003476,User
1303721078,User
6374595921,User
863327638,User
6867564989,User
2112815440,User
7037632207,User
1498791201,User
5821412592,User
7155330426,User
1507295250,User
1501911552,User
1522603572,User
6630239608,User
1088398304,User
1543771138,User
1588555185,User
5928492184,User
5626535173,User
1596192933,User
1543776997,User
1416503905,User
1887738331,User
1518445631,User
1563672689,User
7084025989,User
7007146658,User
6955335856,User
7010907125,User
6585705708,User
1952080096,User
1773004756,User
5817566545,User
1543203063,User
1632930676,User
6690171513,User
1517709532,User
5381394832,User
1769575555,User
1585673236,User
583156829,User
Chossingston,Channel
1574996282,User
1323952607,User
2089067106,User
1468700694,User
1730391329,User
6875588544,User
862576904,User
1617842480,User
1476148673,User
1463564086,User
6802263304,User
1436695953,User
1555839405,User
UnityNewsNetwork,Channel
5738446158,User
808260322,User
1500967376,User
1557928350,User
1663852466,User
redpillpharmacist,Channel
1553859644,User
1565393974,User
1501597777,User
1005565772,User
6406075016,User
1042439044,User
7417622752,User
1740463108,User
1664127312,User
5267379127,User
wethepatriotsusa,Channel
7343773308,User
6868106555,User
TEXASvsUSA,Channel
1502309638,User
5859550371,User
6593387231,User
5923994076,User
unshacklethemitten,Channel
6956145185,User
7107317623,User
1547450949,User
1523279063,User
1862380433,User
1906615836,User
7407803322,User
7240141150,User
7338026086,User
7480653573,User
6528270609,User
1592896954,User
1316913074,User
7309622574,User
7376084441,User
6490555788,User
7177557675,User
7254478166,User
5050243126,User
7417362144,User
7258016981,User
1022257518,User
7497804189,User
7301797960,User
6860423428,User
1627152199,User
1981820760,User
1770327671,User
5622473597,User
7107316720,User
7221360115,User
1779023582,User
1414279824,User
6436598793,User
5782624983,User
120539969,User
984877103,User
179874998,User
1540418919,User
1604042426,User
6153572676,User
6012978111,User
6102721375,User
6755487519,User
5374423924,User
6886566887,User
7343317477,User
7348090529,User
1517734486,User
1597746137,User
5067678101,User
1547899220,User
1508551536,User
7356386146,User
1519460160,User
CharlieKirk,Channel
1511735580,User
1436342696,User
1661153263,User
7509564766,User
7350981579,User
7007301442,User
7375915151,User
7305183460,User
7275041078,User
7511178279,User
2031008097,User
7444498673,User
7310800634,User
7106671504,User
7046112226,User
7292679193,User
7243093308,User
7271933413,User
7365335238,User
5184884400,User
7522522599,User
6549386726,User
7033271714,User
7154178583,User
7333358511,User
7513713293,User
1564316879,User
6048520139,User
954910387,User
1685904566,User
1289847723,User
7245283366,User
7258976698,User
6879356476,User
6719782664,User
6931240279,User
7472550900,User
1532089978,User
1404369251,User
1541747269,User
7541431750,User
7423933079,User
6453155499,User
6708384542,User
7309691793,User
7434975059,User
6406866414,User
640811605,User
1894298153,User
6697751919,User
7514414477,User
6998362816,User
7308895181,User
7419153151,User
7329426892,User
7332732217,User
7531639363,User
7166985202,User
7546750992,User
7311060267,User
7346567284,User
1494108050,User
1536826548,User
1460166988,User
1558750496,User
6871259605,User
6874776136,User
7512606042,User
7501763289,User
6742236876,User
1507292685,User
DismantlingTheCabal,Channel
7526056768,User
7366591702,User
7542857043,User
7279931059,User
7521551824,User
7282952980,User
7502565533,User
7445343500,User
7063161482,User
7510821807,User
7474729200,User
1103357888,User
7148026320,User
6818714664,User
7216874902,User
6790379386,User
7513766630,User
7355816072,User
7515237909,User
7494345458,User
6443808694,User
7423267971,User
7357232910,User
7274295820,User
7498755395,User
7352990838,User
1706989248,User
2073121297,User
6480024055,User
7346085386,User
7398474657,User
1557447205,User
5377891232,User
1552788994,User
7418587517,User
7140936612,User
1526485187,User
ArizonaRedRoots,Channel
7016120547,User
7468132218,User
7534471844,User
7399700432,User
1530587854,User
1521737965,User
7429835707,User
6733769546,User
5695138799,User
5323169343,User
1749830784,User
6937192242,User
6849113945,User
6823394722,User
6882651866,User
7529162305,User
6546198910,User
7331580833,User
7364237426,User
7440938397,User
7445157559,User
7547268442,User
7501457702,User
7501892694,User
7246087340,User
1354625425,User
1540159416,User
1805828616,User
7414321985,User
7033798447,User
7279207171,User
1301532399,User
1916555383,User
7293077170,User
7479990329,User
1601419390,User
1745542495,User
7498154093,User
7401542155,User
1473824030,User
2128035101,User
5711555209,User
1532763769,User
7257705465,User
7428695353,User
6769123840,User
5920845858,User
799189016,User
1541142144,User
707568806,User
6874412881,User
121649098,User
1646438798,User
1509538091,User
5296074518,User
1576858948,User
6958803141,User
7648585628,User
1938605818,User
7789443904,User
6881079236,User
7158746513,User
7474722109,User
1543751673,User
7322960082,User
1660722234,User
1511093564,User
1532711187,User
7884673074,User
1662720037,User
EastApp,Channel
1577281972,User
6549208489,User
1739554374,User
1556951665,User
1502910314,User
1553336827,User
1023580407,User
5405440621,User
1529062956,User
779777749,User
2044427164,User
6690926801,User
1507810887,User
1517921638,User
5010699620,User
2024722987,User
1441401449,User
405705524,User
79503718,User
6560651972,User
7171139475,User
1641730336,User
1261226601,User
1525362115,User
1020900507,User
1832640228,User
1726793584,User
1452238814,User
1563563681,User
1435207887,User
WWG1WGAWORLDWIDE,Channel
6540874875,User
176139632,User
1854448335,User
1539496644,User
1529594403,User
5083194655,User
1540418862,User
1950790767,User
6821360749,User
811525458,User
1584275592,User
6129419968,User
1667440166,User
1621133910,User
1546108457,User
7473066830,User
39234137,User
875109468,User
339919020,User
463435486,User
1612786118,User
1553401196,User
1580744998,User
2015813918,User
6089132019,User
7118405959,User
6388089069,User
5111915082,User
1741070102,User
5628062693,User
6932599308,User
1202369999,User
2042822733,User
Airstrip1news,Channel
1316846780,User
1560786302,User
1584436099,User
338560629,User
1399079578,User
1726768918,User
1412676233,User
5033226577,User
1777164898,User
1015151697,User
1989481543,User
1590727514,User
1731890276,User
5817507762,User
7136770609,User
joeldavisx,Channel
5580554518,User
923168640,User
2031414976,User
786366473,User
1504153939,User
1053099079,User
6766834066,User
720691080,User
5364933413,User
1503664770,User
669708135,User
6232172739,User
867382330,User
1457643543,User
1547056118,User
1525470028,User
1051730718,User
5803709560,User
5084293148,User
7407111835,User
6714082735,User
1596419469,User
1597717244,User
1527647998,User
1665567802,User
1553571408,User
7223562149,User
6525681497,User
1547070486,User
1574493854,User
ALoneRaccoon,Channel
1594032745,User
1533136719,User
1621132781,User
1591650605,User
1476834066,User
5011414779,User
1531500292,User
1633546892,User
721432571,User
239958844,User
1406479568,User
1919313358,User
1656457857,User
1574117764,User
7489085272,User
1750457896,User
5900005122,User
1907020254,User
1719305196,User
1486531998,User
1413519188,User
1932962361,User
1873024916,User
1466944919,User
1534282085,User
1557708398,User
461730223,User
7178253297,User
5915647621,User
40429832,User
5155343568,User
1476044113,User
7069426837,User
1561887042,User
6510488,User
1594860855,User
6387797113,User
1563487927,User
1587629740,User
5873842014,User
1562030108,User
1789354266,User
1560675959,User
6561624146,User
1593298400,User
1645760816,User
1676870710,User
921108166,User
2115296429,User
1465942964,User
1571621463,User
2110895990,User
5649494952,User
6990549613,User
987127899,User
1816180090,User
6176438960,User
1354746929,User
1032544452,User
2123941528,User
1563106282,User
1474150030,User
1492394986,User
7043520612,User
762904930,User
1471978548,User
1291335729,User
1739428427,User
6452635871,User
7283628853,User
1961058449,User
291569978,User
1738379097,User
125979092,User
1673507602,User
1555668088,User
1402661257,User
1538936067,User
1565908694,User
6748262377,User
980532028,User
1696651205,User
1910008850,User
1489911417,User
1618517830,User
1744897514,User
5598967905,User
6902425878,User
7381637662,User
1990586373,User
1596543213,User
1923502147,User
1278479995,User
1507271061,User
2023728593,User
748898955,User
1621600205,User
1737578416,User
1699205980,User
1541891459,User
1108918930,User
5046753905,User
802181118,User
556775098,User
5000286496,User
1529406674,User
1741823566,User
1464586609,User
1523882868,User
1706492354,User
1965617101,User
1055953694,User
1756219326,User
1547989438,User
1500347592,User
1420029038,User
1556217074,User
7545078931,User
1525927199,User
1506726955,User
5075624603,User
81859136,User
443348807,User
1511527068,User
1514218034,User
1591784570,User
1215538453,User
1886839139,User
1457898212,User
1682501455,User
6434245062,User
1603950253,User
1369587527,User
1517726993,User
5183271647,User
1563652704,User
1972868727,User
6270228640,User
WARPIGmemes,Channel
703095659,User
1430152649,User
1423876319,User
867165374,User
1503209683,User
6680059672,User
1504143622,User
2012360575,User
5136841017,User
7881896445,User
1344306030,User
1677920348,User
1595457133,User
838894345,User
7507830033,User
5870326054,User
1618431045,User
1882096710,User
1511684658,User
1530510392,User
1553583692,User
1506237241,User
5253057519,User
1539328655,User
1572305642,User
1588435753,User
1243230891,User
1591591159,User
1565626078,User
5298971774,User
790908239,User
1554802279,User
redpillresistance,Channel
5470455800,User
2075110474,User
1406305297,User
1586215940,User
1580045803,User
1650955617,User
1950119543,User
1537047054,User
1456980476,User
1657542517,User
1562713414,User
1513757332,User
1785100329,User
Cat_The_Great,Channel
1556162618,User
1590965767,User
5490069487,User
1485622695,User
1897596387,User
2021316294,User
1422797345,User
1542815911,User
1980619442,User
222293047,User
1597045258,User
1423908044,User
5682140968,User
XLPajeetCryptoServicesChannel,Channel
5937461922,User
1517222535,User
1608175751,User
1523586014,User
1587019356,User
1569611953,User
1580784724,User
1500451456,User
1956091696,User
1514693098,User
1769666345,User
1507263526,User
1563947668,User
5490054188,User
5283217286,User
1626781788,User
1485792219,User
1584425988,User
1601190783,User
1563139201,User
1516836115,User
1860734989,User
1572322231,User
1944058911,User
1663500097,User
5235130573,User
1652416361,User
1610231054,User
1309266303,User
6450798488,User
1721243298,User
1542308446,User
1526522050,User
6063211982,User
1566441276,User
1647704144,User
2122782072,User
5749205552,User
1500477823,User
1441562334,User
5131331688,User
2045773481,User
1685342532,User
1552568157,User
1502987744,User
1570809088,User
1531552319,User
1517138823,User
1354326278,User
1652931633,User
1517136383,User
1697397062,User
1522207577,User
1454376332,User
1520974806,User
1488083762,User
1360146706,User
VoterApathyParty01,Channel
29030511,User
709454341,User
5691424109,User
1570891539,User
1573240140,User
5143091772,User
1803244491,User
1479218623,User
PATRIOT_BERSERKER,Channel
1448521927,User
1707179288,User
1884011971,User
1521408305,User
1714299530,User
1018851687,User
33884736,User
1504969138,User
1545786559,User
1524368922,User
1355965547,User
1554242897,User
1505740925,User
1525304914,User
5025859684,User
1585422004,User
1597229534,User
1410981193,User
781443697,User
5028163099,User
2127853802,User
5932523681,User
1601817242,User
5352252230,User
195423657,User
2042706885,User
1516606831,User
1574443962,User
1559646459,User
1534720232,User
1950362736,User
1453655605,User
1207012101,User
2066701862,User
827809478,User
629167651,User
1932481820,User
1552278886,User
1622171084,User
5587035262,User
799910004,User
1563046214,User
1527075510,User
1508610585,User
1408275797,User
1431496778,User
1589192093,User
1530881971,User
1556771058,User
1532546424,User
1543601411,User
1308645926,User
1638185404,User
1872885477,User
5961238445,User
628348466,User
Grumpy_Rabbit,Channel
5361756530,User
5133986918,User
1529355107,User
1522968764,User
1543711046,User
1517869358,User
1556103682,User
5339753098,User
1429488220,User
6221716305,User
1500382451,User
1697751839,User
5656012857,User
1507195270,User
2135249286,User
5483614843,User
847935033,User
1971529589,User
879097961,User
1995708315,User
5291867893,User
1553151254,User
1783382871,User
1504913973,User
1538994518,User
1668378214,User
1653212600,User
1525763478,User
1341894671,User
1724127462,User
1499343892,User
1576608226,User
1529465875,User
1253833394,User
1794865067,User
1651771809,User
5099467234,User
1923200794,User
988953889,User
1928729660,User
945260749,User
5503407300,User
621926171,User
1479306601,User
592313726,User
7725619060,User
6087885889,User
1615988526,User
1654545083,User
595895931,User
accendiilcervello,Channel
1548528662,User
1526870812,User
1531521274,User
iGuruDevi,Channel
1898106868,User
5101979379,User
5902458720,User
1577477111,User
1598399114,User
1594568882,User
1703772898,User
1872831406,User
6697641903,User
1581893728,User
2015943404,User
1549999497,User
2118440169,User
1785307248,User
1055871285,User
1410254234,User
1574590513,User
1505152477,User
ThePrisonersRecord,Channel
1536270093,User
278193541,User
2115796174,User
1627372973,User
1787009444,User
1509633740,User
1452323634,User
1927692750,User
SSG_Cue,Channel
1508056180,User
1725156699,User
1487427535,User
1592850661,User
1477637307,User
1529526376,User
1516710700,User
1471496754,User
1574200306,User
1575646399,User
1574154560,User
100073985,User
1526292670,User
1568123722,User
1573790235,User
1555455894,User
1990492723,User
1480705335,User
1639685630,User
1449340122,User
5815588314,User
1432341901,User
5347520546,User
5545323145,User
2010985304,User
1437627238,User
1515162672,User
5727095437,User
5216005953,User
6212299017,User
1666511361,User
1330394362,User
1485700833,User
1653595819,User
1761552293,User
1584548312,User
1453664011,User
1561965215,User
1573371457,User
1529077448,User
1549458032,User
1515938565,User
1436287666,User
6976664788,User
1917644872,User
1947991066,User
6010867447,User
1458275782,User
1733350855,User
1417995594,User
1014017445,User
2105272833,User
1849989523,User
6996980411,User
1372841698,User
7007424750,User
6820395843,User
5218831173,User
1888100061,User
1693764815,User
1647067847,User
2020524283,User
5101302495,User
198712516,User
1539294129,User
1287662060,User
386961493,User
5158939595,User
6089194070,User
7170474713,User
5815511513,User
1611258496,User
1574666926,User
1892980984,User
6369564486,User
6355464171,User
7160241973,User
6070457329,User
1506716813,User
1660102510,User
1804227300,User
1544375276,User
1583499521,User
1654992915,User
1529090245,User
1568718099,User
751283612,User
7086493829,User
1299895457,User
1364296117,User
5969200740,User
1530056242,User
1409584394,User
1548042533,User
1583251757,User
1578850834,User
1615768029,User
6528597851,User
7250896611,User
5556318526,User
1326915401,User
2134020036,User
1695513495,User
858768648,User
1461433661,User
1545714434,User
1352792396,User
1594344357,User
1580670898,User
5158748243,User
5246664498,User
6171074362,User
1038983240,User
6961159846,User
7148722825,User
1712146769,User
5459335652,User
1153765237,User
7429579896,User
1523373348,User
1590474643,User
1752051967,User
6453626088,User
5126135612,User
5215061009,User
5242491728,User
5076387563,User
1697217716,User
1529080186,User
6546582706,User
1630202961,User
5439884558,User
1737762731,User
TheAustraliaProject,Channel
1564973912,User
1923178811,User
1314951693,User
5241796806,User
1575522112,User
1943992985,User
1675482136,User
1517523269,User
5823166562,User
1512182402,User
2142404050,User
5727265999,User
1507314774,User
7425168073,User
5995409088,User
1454705279,User
1524400382,User
1411581687,User
2085928225,User
1510791601,User
1909436699,User
1597122634,User
1506700340,User
1575101523,User
1534252606,User
1607549748,User
6944456989,User
1514570220,User
5214558668,User
1957912845,User
1625714819,User
473776607,User
5564097807,User
5058335341,User
1491922953,User
1957582797,User
1832866192,User
1432713322,User
1601678552,User
5643225931,User
5880151377,User
2015344061,User
1901226263,User
1455632672,User
1546736868,User
1305059209,User
853071382,User
6376407935,User
6872846303,User
7207389395,User
1588913972,User
1540399729,User
5229123410,User
1312949448,User
1541625372,User
6364620596,User
5075602885,User
1351696569,User
1597379434,User
WeTheMedia,Channel
1557280189,User
1552206872,User
1144472418,User
healingthebody,Channel
1135863340,User
nationephraim,Channel
5887900067,User
2011495561,User
7328513850,User
6493004992,User
1933364984,User
1561882087,User
1515952844,User
1548946693,User
7144014114,User
7001457678,User
729308420,User
5157635769,User
1516940338,User
5931661906,User
1555455304,User
1413512044,User
1505276814,User
7121513003,User
1262229569,User
1574590185,User
7931692942,User
1561219927,User
1905536289,User
2071645420,User
1825047343,User
1303013157,User
1388247108,User
6729242404,User
leohohmann,Channel
1570652254,User
1696020965,User
1965706498,User
EARTH20GENESIS,Channel
1564653750,User
BasedDataWV,Channel
1372466271,User
5362927040,User
196472048,User
shadowman_311,Channel
1022257334,User
1562953127,User
1586789147,User
PatriotVoiceOfficial,Channel
1579241021,User
6185741315,User
1555126202,User
918266315,User
5612657107,User
1422258781,User
724780178,User
1407810470,User
6160089773,User
1945636661,User
1338891087,User
1434545500,User
1554219843,User
2141192699,User
1572106750,User
1517256364,User
1972084948,User
1597884558,User
1239462739,User
1556974399,User
7241644860,User
1819961502,User
57344901,User
1910151105,User
7127392818,User
1605789802,User
1587640526,User
1523424169,User
covidvaxinjury,Channel
1571364045,User
1540377731,User
7360078434,User
7339592764,User
1906330143,User
2073178152,User
1571222319,User
1427542647,User
1558626656,User
1518039985,User
1220127792,User
6010071600,User
6714844544,User
1549815360,User
1505555393,User
1056124607,User
markacollett,Channel
7437821626,User
958856807,User
1087800716,User
5354279409,User
5086920914,User
OffgridiIreland,Channel
6685767813,User
1408694742,User
1673309116,User
1482048624,User
1601219873,User
1580430643,User
1548835621,User
792492443,User
1627590610,User
1578811753,User
6791494385,User
1526618489,User
1347934866,User
6423257242,User
1520128508,User
1657667845,User
1260273074,User
1535017835,User
2037176950,User
1591507576,User
1511648452,User
1713493777,User
1598971632,User
1573883531,User
1530499113,User
1530752981,User
1577050061,User
1605909769,User
1541522759,User
5210727265,User
1657052434,User
580437889,User
5571932550,User
5592274924,User
5238837813,User
1488701701,User
6355403684,User
1540736427,User
1438287657,User
825855653,User
UncleSamsNYPBs,Channel
1409912520,User
1509244269,User
1587141903,User
1911308662,User
1859007897,User
1635709432,User
1517472793,User
647681089,User
821912188,User
7032555323,User
1540561683,User
678164023,User
1590030152,User
1360731024,User
5613531537,User
1285246345,User
5863240703,User
1584467251,User
5557068847,User
1534919959,User
1539059568,User
7047858276,User
1580852534,User
1240443764,User
1870972918,User
5230003642,User
1455913345,User
6902981332,User
1510982903,User
1544436888,User
1485712027,User
1524951567,User
7239904509,User
7228513750,User
5261992321,User
1500691462,User
1906648789,User
6505484704,User
1433215617,User
6656805735,User
1721936984,User
1506876344,User
1936707636,User
1996701577,User
7487077257,User
7494553371,User
7383416393,User
1609904436,User
5676786409,User
1981624473,User
6681564942,User
1585394177,User
1345628997,User
1581928772,User
1238759091,User
1426799022,User
1886451409,User
1308856751,User
1977879666,User
5206183111,User
5354808704,User
1414119117,User
391845165,User
1072143297,User
1961559774,User
849260129,User
5240981086,User
1087066840,User
1127163378,User
6036533278,User
1528661729,User
1181039572,User
1173803053,User
1503946672,User
1556474691,User
5046297059,User
2091613972,User
565450157,User
1778301975,User
qclarence,Channel
836534715,User
1434260816,User
2040066853,User
1508045841,User
1866278602,User
1596518809,User
6463940156,User
5108511178,User
884158990,User
1463719102,User
1585889762,User
5592884035,User
1439275929,User
patriotforceca,Channel
1984805030,User
1581229064,User
1717673828,User
1608319234,User
1537819894,User
1531385427,User
1507886638,User
6461187752,User
6580857363,User
1522269420,User
1519589843,User
1578034701,User
969126032,User
1575444698,User
1609080638,User
6098294333,User
1586867143,User
1639301143,User
6091859409,User
1694880575,User
1535395559,User
1556828014,User
1810443913,User
7001383040,User
1829627408,User
5000051828,User
1534378484,User
australiaforfreedom,Channel
1650719887,User
1564394096,User
1577841159,User
1524791986,User
6938678122,User
studentsagainsttyrannyofficial,Channel
1926016059,User
5973908207,User
2072702780,User
5922723669,User
1491533295,User
1540295376,User
1599829888,User
1559836683,User
1537834415,User
822627147,User
1567945949,User
6143182254,User
514864977,User
192652708,User
1503942448,User
1404532257,User
166941786,User
890750270,User
817682133,User
1287559295,User
1599028223,User
1766303359,User
873327720,User
1782415815,User
1542901808,User
1545055518,User
1985043148,User
974515047,User
1659460995,User
1451163095,User
1965962646,User
1420942155,User
1710959263,User
1146590107,User
1440468769,User
1282845495,User
5734213255,User
6092004050,User
6349120128,User
6111193890,User
1633448036,User
6810245942,User
worldwire,Channel
1561527579,User
5359569252,User
1183371811,User
1466135944,User
1300351594,User
5264566617,User
1294279965,User
bubbakate,Channel
1884068532,User
bubbakate2,Channel
5488984837,User
1976271295,User
1547143594,User
1970908753,User
1980832531,User
5593037596,User
1622908027,User
1519360746,User
5305040896,User
919461712,User
1566208494,User
1534176309,User
1535226524,User
6773650251,User
1597923384,User
didyouknow_ink,Channel
2016729175,User
1327043092,User
6117712948,User
2014207452,User
5310154223,User
6461320535,User
1494135257,User
5419287223,User
1581314356,User
1542699008,User
1501200513,User
1261871614,User
1362727159,User
1445807471,User
2006223334,User
1555190455,User
1529660308,User
1592052246,User
6037559664,User
1583660920,User
823070519,User
7000854267,User
1553892072,User
6297390571,User
5181847984,User
7182604089,User
872180220,User
1478595306,User
1732016552,User
1545451065,User
1567125054,User
1981083462,User
1353784858,User
861644901,User
1593848250,User
642800539,User
439829970,User
1802173298,User
midwest_intel,Channel
1543238525,User
1456771378,User
rockymountain_intel,Channel
1129236211,User
CheckMateNews,Channel
1127448787,User
1084837950,User
5199680377,User
6091294665,User
1084440567,User
646727200,User
1985411160,User
1509207068,User
1566595894,User
7191750276,User
976594349,User
1563873093,User
1281292417,User
917314281,User
1528297636,User
1794631685,User
5244839881,User
1540797842,User
1524775624,User
1561566093,User
Mrswilkesmythvsreality,Channel
602412778,User
5207363077,User
916308491,User
6287896306,User
1443986178,User
1626183795,User
873810701,User
6671839817,User
1324695437,User
1515309280,User
1554500435,User
1058176647,User
869631435,User
australianchristianfascists,Channel
819027338,User
751702163,User
1513795135,User
1969446602,User
5496871310,User
1797794674,User
1994757615,User
6141019936,User
729046238,User
1696099585,User
1504115573,User
5653424357,User
1567299937,User
1441810281,User
2038310995,User
1584378696,User
1580186196,User
1551530893,User
1703045582,User
1118794471,User
1593757369,User
5745167739,User
1598923964,User
1405287141,User
932555929,User
1830675367,User
1556798677,User
1599228826,User
1553724101,User
1818994856,User
1504581944,User
1626334622,User
1468821753,User
1471626609,User
1585887649,User
1546422931,User
1355204665,User
1576829126,User
1546656038,User
5772218001,User
1547510575,User
1462966251,User
1529006064,User
1453121747,User
1461352489,User
1265567584,User
1727805138,User
1249639490,User
1531574736,User
1672030665,User
1574105235,User
1742546738,User
1490818903,User
1549501947,User
1550683427,User
1946353983,User
1463906188,User
1581830942,User
1546911336,User
1537319889,User
5895638882,User
1566172316,User
1583638868,User
1565233475,User
GREATAWAKENED,Channel
5236891616,User
1427556409,User
1294981726,User
1669378874,User
1685668759,User
2099020175,User
5448418585,User
5691484554,User
1525428716,User
1576334038,User
HuxDeluxe,Channel
1501014874,User
1784333595,User
1593517556,User
1556892170,User
6675327328,User
takeourborderback,Channel
1343948246,User
5786520830,User
1443211535,User
1928324501,User
1687387185,User
5962953742,User
1569984254,User
1533008253,User
5333002200,User
6805930975,User
5740429661,User
6941369450,User
7073442497,User
1563997741,User
5843087098,User
1560530055,User
6745651265,User
1933787424,User
710639441,User
1495678481,User
1584225940,User
1530630657,User
1684990648,User
1576001317,User
1538612815,User
1677219101,User
393439392,User
6024291391,User
1415929175,User
824327902,User
1013759397,User
1929436770,User
1107129385,User
1459420547,User
1612757390,User
5230570679,User
1549159278,User
1586492797,User
1704117315,User
1484176946,User
1543496045,User
6728196024,User
7251013551,User
1502296781,User
5688657914,User
1539872107,User
5934989555,User
1874676183,User
7124623876,User
1431670165,User
5657923172,User
1224815558,User
2035383374,User
1524240852,User
1583168589,User
1854983837,User
1687889481,User
1038847591,User
1663357398,User
1395527931,User
1994562085,User
1562882078,User
1711971022,User
662019209,User
1563996460,User
1538309057,User
1438770913,User
7245862282,User
7438466023,User
saintharrison,Channel
5910849450,User
829774750,User
felixrex,Channel
1269867126,User
1819058380,User
1519235293,User
1558949192,User
1456849590,User
2009776029,User
1600990618,User
1281561884,User
5371257219,User
824441813,User
6622323590,User
1547731118,User
1450321841,User
1443502450,User
1660565460,User
1598541375,User
5509498112,User
898160569,User
6117446031,User
5006779955,User
1583644378,User
1518622057,User
5012027358,User
1912927063,User
2028203209,User
5828767444,User
1828052561,User
1938965773,User
1668034666,User
1551484224,User
1530817614,User
1558356171,User
1441283501,User
1538378306,User
1593017479,User
6279443763,User
1694871131,User
1492043667,User
1575939252,User
1612900933,User
2129012282,User
5653638011,User
1490257898,User
1458048901,User
607717557,User
1481663883,User
2002167666,User
1496740245,User
1200488814,User
794420959,User
1538843102,User
1512629169,User
1579225267,User
6776078049,User
7063918928,User
1371670016,User
1415439233,User
1589246183,User
1505186931,User
2033049514,User
614065452,User
5363409080,User
6048540326,User
1144649140,User
1417729996,User
1541092849,User
1568213253,User
1527505369,User
1566949038,User
6385947207,User
1594245759,User
6463269435,User
1523123743,User
389786912,User
1761956958,User
1727504483,User
1470603880,User
1060001762,User
1506465942,User
1790717732,User
1622141258,User
1474215899,User
1110225077,User
1884272576,User
1542101188,User
6288289803,User
1539359888,User
1564627998,User
864539880,User
732938530,User
1509148591,User
216670949,User
825722197,User
1239118913,User
5747192168,User
5738055282,User
5938824648,User
2022672288,User
6709217770,User
869857236,User
1517746802,User
844724967,User
1521477035,User
546445712,User
1659000571,User
918619200,User
1020729874,User
1554027207,User
1979746996,User
1290561803,User
5181918585,User
1046489350,User
7421784098,User
usvoterfraud,Channel
370105207,User
1686236242,User
1592685982,User
1532058515,User
5515283859,User
482358654,User
1157435913,User
1477990496,User
2139014396,User
1521335409,User
1411692495,User
1610631405,User
5303987441,User
5880747391,User
2048952168,User
5598492970,User
1536896956,User
844997753,User
198491226,User
5355331898,User
243695812,User
7262182336,User
7201512930,User
1552240914,User
6476910245,User
1390224673,User
1623883828,User
1152320862,User
1834730503,User
1343096351,User
1613224325,User
2110518409,User
1928754422,User
1216754876,User
2039842306,User
1528843920,User
1301844920,User
1705408704,User
1266819110,User
1559951084,User
883488102,User
1732237151,User
1795800186,User
843262612,User
ntvnews,Channel
145401105,User
5271883849,User
1846068803,User
1292588884,User
1589361219,User
6685505570,User
1830749222,User
1953330601,User
1406867184,User
1551483909,User
1428807779,User
2036839932,User
6184701919,User
5807486840,User
1591385376,User
1812176163,User
7083916478,User
1568180980,User
1536665678,User
1571899238,User
893503218,User
7317596319,User
1409443467,User
1131808575,User
254679397,User
5746571008,User
64826750,User
1567420286,User
5070218448,User
1186630330,User
5573876966,User
1616828213,User
5273458668,User
1676865704,User
1429531150,User
1597498401,User
1252185420,User
1854941918,User
6600821565,User
1525026859,User
1358258271,User
5175286946,User
948711601,User
1566007030,User
1512660849,User
1955482365,User
1750179768,User
745184035,User
892611112,User
1593203261,User
7137096034,User
6162447206,User
7293143593,User
1435496206,User
845280559,User
1112839676,User
erinhealthnutnews,Channel
1623361602,User
1383638913,User
697148386,User
5093712976,User
1270815393,User
1551407108,User
1828628737,User
1651709755,User
1216504490,User
5105835550,User
1329134763,User
6486346528,User
1598202529,User
1501201687,User
1461933698,User
1568423871,User
6086677612,User
1576336942,User
1729872925,User
1613435049,User
1459874375,User
2138227879,User
506595868,User
693294510,User
1546582157,User
1578044625,User
5217461982,User
1549021656,User
1649948461,User
1572774410,User
1442027334,User
5353081985,User
7021974889,User
6938054607,User
1693684187,User
1084859259,User
1510952178,User
1451663823,User
1333397665,User
1416611335,User
1487629412,User
6062522637,User
1374489957,User
5363769709,User
1616221162,User
1599794586,User
6724539220,User
6610232974,User
1587330101,User
1901490897,User
1510265065,User
epochtimes,Channel
1513423509,User
1508740588,User
1774237102,User
5011022623,User
1647790420,User
1879795096,User
5132330758,User
5449866606,User
1236836636,User
1583001317,User
1822897867,User
1167688042,User
1567081373,User
1601136205,User
5868321443,User
1489176425,User
1765137222,User
1580557046,User
5195545425,User
6568737055,User
1505190185,User
1585581226,User
1261065323,User
1537126017,User
1932578942,User
1450585677,User
5822746866,User
1120408623,User
2038084037,User
1968166208,User
1443480711,User
1176838793,User
2059508635,User
1640142724,User
1705274713,User
1550203078,User
6000145089,User
1321302857,User
1560790516,User
875501388,User
259643624,User
1440207835,User
1502070852,User
719765499,User
5252519882,User
1509262438,User
1532905882,User
1534958055,User
1579071284,User
6450569383,User
1566158847,User
5443305129,User
5261400931,User
5134196860,User
1538981970,User
1526222599,User
2092152273,User
1476733553,User
1617163566,User
1639944838,User
1447073189,User
1568616677,User
1902987630,User
406659949,User
1528316828,User
1509101860,User
528281291,User
5075096086,User
1080652549,User
1617047412,User
1557560438,User
1586465243,User
6460818008,User
268609711,User
madam_secretar,Channel
944380717,User
104022627,User
1590136025,User
1559977261,User
1541697271,User
1593608089,User
1525314699,User
1569821486,User
7004193023,User
1536694071,User
1447251674,User
1116781675,User
1520564053,User
6005982520,User
1505455849,User
593612059,User
1521131808,User
1510760487,User
1537462382,User
6357801869,User
1810446018,User
1563234941,User
1488489056,User
1585637422,User
1839318285,User
593622229,User
1159294356,User
1528806784,User
1571781226,User
1371089707,User
5523892840,User
7164760527,User
1599267923,User
1562845509,User
7046098674,User
702068556,User
5389720883,User
5188714188,User
1272190760,User
6036856190,User
1442439875,User
1707135441,User
1437909646,User
1526650289,User
1577832865,User
1510365074,User
1801336821,User
1554482804,User
1527256076,User
1552682664,User
1503809453,User
1474189134,User
1903585501,User
1906837573,User
1229703544,User
1683320811,User
5362131049,User
1864585902,User
1397021170,User
1424708176,User
1580594172,User
1594870794,User
1500183064,User
846732063,User
1196702281,User
889601901,User
1542433289,User
5689619570,User
1577640421,User
1301951348,User
5929224293,User
890723248,User
5942198472,User
5308692320,User
760202755,User
1278438052,User
1402706966,User
645250185,User
1750716079,User
2117954365,User
turingpont,Channel
1515497155,User
6237819071,User
GraceFlows17,Channel
5554262598,User
6868650197,User
1415694323,User
5533064680,User
2143232320,User
5047283927,User
1665926083,User
1517693928,User
1500044641,User
1570497598,User
1565797030,User
1090857258,User
1152688442,User
1539703848,User
1566090509,User
1564754814,User
6162976670,User
1515462787,User
5536636056,User
1441451031,User
817488830,User
1596952684,User
1529117510,User
1591380007,User
1580950500,User
1880930892,User
1831603862,User
6310617745,User
1558711841,User
1575582783,User
1650051598,User
1532400692,User
1563567638,User
1414366113,User
5779894812,User
1564329906,User
1907225966,User
6430634276,User
1566005155,User
826636105,User
1578115520,User
697923683,User
6534172024,User
355154071,User
1570614456,User
1412214004,User
1527882057,User
6415862523,User
1952509132,User
1287124572,User
5383102071,User
5197305041,User
1323519651,User
1526688292,User
1360451886,User
1636180469,User
1502242130,User
1249423183,User
456898953,User
1735443279,User
2114654418,User
901552821,User
865920930,User
1136331567,User
1594516801,User
1188885707,User
1569819852,User
545834834,User
5886454202,User
1165083815,User
609972236,User
1189014400,User
801699776,User
1322641961,User
5460920457,User
1843799691,User
1221639295,User
1624000571,User
1073014512,User
1503914261,User
shaunattwood,Channel
1525740879,User
1484980685,User
190239296,User
6772858223,User
1552892999,User
1562275620,User
1293866387,User
2121036937,User
1832611483,User
818211075,User
6504164577,User
truthpills2023,Channel
1503240075,User
1196723853,User
1050116477,User
1254340801,User
5020385216,User
1178682822,User
5764723952,User
1856466663,User
6962459726,User
1448063160,User
1979549032,User
799511938,User
925488520,User
1612405131,User
theambermayshow,Channel
1597131439,User
1467120254,User
5561893106,User
1608692274,User
5156810387,User
1325734321,User
5322833967,User
7041287098,User
1701616478,User
5214661080,User
1003559017,User
1603732168,User
1539284057,User
1515392812,User
1487028295,User
1598200047,User
1440700695,User
1930718833,User
1574240308,User
1535107226,User
6946609908,User
5937711134,User
754373629,User
1523946387,User
1751555484,User
1527858591,User
5005874282,User
409037924,User
5823271220,User
1301840091,User
1480124768,User
6239812171,User
1505096360,User
1696950818,User
6357812604,User
1442569068,User
1015287821,User
1513617536,User
1550160679,User
5209988596,User
1966314901,User
1760891012,User
1565957972,User
1596581762,User
1585276091,User
1746528669,User
1517475423,User
1944308108,User
1189840929,User
1537481527,User
1827649761,User
1526817625,User
5085972116,User
1528407095,User
1583304304,User
915676653,User
1529744452,User
1394242108,User
1638474449,User
GeoChem,Channel
1808946538,User
1553915524,User
1595830445,User
1598736377,User
1707655914,User
1564769600,User
526136978,User
5103206963,User
1888476087,User
1672523419,User
6458718131,User
6440377798,User
1327944980,User
1628304275,User
1865974163,User
6198186481,User
6387789621,User
1941405281,User
7078806816,User
6948461192,User
1891658126,User
1397343068,User
1735880488,User
1461050262,User
1579452666,User
808348793,User
1417777150,User
1660309462,User
1510521096,User
5473118078,User
5487478217,User
496435961,User
1534164615,User
822954133,User
2011744698,User
1540230991,User
5580700011,User
1667736448,User
6312941512,User
1564412636,User
1217115785,User
1531675581,User
5684031301,User
IDziemiapoczatek,Channel
1547042589,User
466827578,User
1537948428,User
1582554232,User
1509899512,User
1403679958,User
1475575592,User
1491749616,User
truthpilled,Channel
1782094546,User
2113969982,User
5963349362,User
1447097347,User
1514707845,User
2086711191,User
2044006910,User
1885817489,User
1180222074,User
6318458775,User
5077813168,User
1317273060,User
1578018827,User
1308323744,User
5108543396,User
1472525608,User
1271615150,User
1586155064,User
426367667,User
6375227145,User
5642314198,User
1575640067,User
provitaefamiglia,Channel
428872836,User
1568687144,User
1450305654,User
1954012167,User
5952661048,User
1735387545,User
1562364457,User
5267377071,User
6589722675,User
5373176393,User
198892726,User
1767948550,User
1076280915,User
32305298,User
1913811045,User
2116752374,User
5698172658,User
1503222318,User
5566244013,User
1745392528,User
1928599787,User
5082012088,User
staatsversagen,Channel
647218113,User
47802146,User
817644077,User
5703926870,User
668686487,User
5106951945,User
1288316572,User
1458285677,User
5440973115,User
5365012768,User
1801990336,User
1982075709,User
1435910132,User
2020454005,User
5363647990,User
1930130637,User
1524284691,User
5267665444,User
1540269902,User
6688652824,User
1632372922,User
5000225901,User
6358224458,User
1681648219,User
1330824799,User
1583867058,User
1300532334,User
1494969116,User
1441630527,User
1446532591,User
6347647057,User
726928878,User
1783480120,User
naomiseibt,Channel
1451623082,User
1700007346,User
1237920381,User
coronadatencheck,Channel
1720346808,User
2063805103,User
6596961183,User
uncut_news,Channel
1518262522,User
5044003083,User
5744139641,User
1659484237,User
1580962161,User
1046412994,User
1323558513,User
5929821675,User
6767041638,User
407512814,User
1523980476,User
850698224,User
1902131898,User
2073136742,User
6703087767,User
1447931214,User
942759797,User
1366828844,User
2137926566,User
849566314,User
6451166139,User
1987938024,User
5994391779,User
6745122989,User
2080180468,User
1576822640,User
1576701315,User
2038210646,User
5201249511,User
900318412,User
5012314513,User
6889110510,User
2089536054,User
1055376538,User
1522402066,User
1511129254,User
5267609520,User
1517246863,User
1410797400,User
1207144155,User
1626141436,User
5383690972,User
6947753560,User
1930954181,User
1509501924,User
6472116468,User
1405812021,User
205799194,User
1760609211,User
112331582,User
7075636508,User
DNANationalism,Channel
1455371862,User
1503931678,User
1709736144,User
1537597409,User
6823560329,User
6407173616,User
6674507258,User
1329863250,User
1297409766,User
5225513252,User
1896573220,User
1050668459,User
1951930230,User
5271647011,User
5888326468,User
1116286901,User
5164740322,User
1426913532,User
1125503260,User
6687643961,User
1974076767,User
1377964534,User
5278983355,User
2028833034,User
1558647091,User
7412669971,User
1639154917,User
7106537535,User
6418877352,User
7179485406,User
ConservativeDaily,Channel
1409999929,User
1417216537,User
1561935616,User
1549698058,User
730003821,User
1040669856,User
1919921937,User
1285872918,User
194805757,User
7208404775,User
1734120093,User
1506839718,User
1556514079,User
240715760,User
7328907174,User
7318922968,User
826390609,User
1286576930,User
1567536956,User
197431579,User
724416265,User
1833516815,User
1548934097,User
8174407279,User
1337531919,User
1435351321,User
1587009436,User
1804926393,User
795361324,User
635048800,User
1354263369,User
1585779283,User
1427526736,User
2062559354,User
1495800657,User
5035951903,User
1416427521,User
1572914971,User
1497047595,User
6221794269,User
1574026963,User
1592699937,User
1433147794,User
1615755279,User
5468990460,User
1577354551,User
5152288507,User
1510675040,User
1659737140,User
1876444001,User
1532384699,User
1256547718,User
48690637,User
6608874023,User
1948422858,User
1996439396,User
5063001436,User
1834342274,User
699872097,User
5926665628,User
1533946041,User
188277300,User
1723016203,User
1895063427,User
1556204047,User
5130650847,User
7131283480,User
866269350,User
1716989741,User
1159663800,User
1546945905,User
1999658579,User
5743110276,User
758857707,User
5036510126,User
1818730987,User
7046205175,User
6047167815,User
6744182892,User
5307519838,User
5028860856,User
2010621836,User
6800112101,User
5810267673,User
1707049464,User
1676210041,User
6998469045,User
5104019635,User
2108370066,User
365538244,User
1287863701,User
1536321479,User
1375480871,User
2043237940,User
5966866201,User
1574831840,User
6274068459,User
540882060,User
607834931,User
1888478338,User
5719654410,User
2046559707,User
1576698941,User
5821405464,User
1546625953,User
6813630111,User
1518083659,User
37191191,User
7141304621,User
881767843,User
1936322708,User
2077044536,User
1263900073,User
1961857894,User
5382080913,User
6616443015,User
1564373414,User
1506984618,User
2013637239,User
1597694953,User
6446352185,User
6733498134,User
2145678103,User
1450399258,User
36414758,User
2068331537,User
6713688329,User
1917959276,User
1192442900,User
835259070,User
25502658,User
1777105250,User
1745211401,User
2036956773,User
1940990678,User
1486028882,User
6278169700,User
1588413496,User
1258353767,User
5134607218,User
1564199053,User
7015699976,User
awakened_144000,Channel
1472052355,User
TaumieI,Channel
475721963,User
496352854,User
921089089,User
Davidscave,Channel
1451457129,User
1524187274,User
1589595894,User
1469931068,User
1694019346,User
1606913012,User
1506336060,User
1562508874,User
1793092752,User
1527022799,User
1697203153,User
1589359508,User
1306772128,User
5255161138,User
1427841124,User
1509179394,User
1596668071,User
1982440281,User
6205621976,User
5896339188,User
1108225545,User
1524889258,User
1562188197,User
1547135930,User
619113562,User
661429602,User
5680157568,User
508262900,User
1457128568,User
1572222218,User
1502614757,User
6069699637,User
5664520723,User
1613374216,User
2020873895,User
6161681160,User
1606215722,User
1594006754,User
1581739433,User
1502961590,User
1596502972,User
1547686320,User
1557552427,User
1406455421,User
6980775851,User
1512511969,User
1089812180,User
1376348952,User
5742358074,User
1570126790,User
6828081401,User
1592699818,User
1491613651,User
1556729207,User
1720240786,User
1637384193,User
1527300995,User
1551820677,User
7260671805,User
1033601725,User
1788267554,User
1572080444,User
7149527865,User
1517718161,User
1782284675,User
1521999359,User
1460637280,User
1609976636,User
6424780176,User
1170266468,User
1568644764,User
7499781244,User
1522687988,User
1797237474,User
6367331162,User
1402175324,User
1556032385,User
1132012653,User
1466188801,User
1455747677,User
1203188975,User
5272981281,User
EurasianChoice,Channel
1522001865,User
7002557012,User
1379703996,User
covid19vaccinevictims,Channel
1028079445,User
5713410097,User
1335220016,User
5956769628,User
1677170969,User
5418417022,User
1594101708,User
684143752,User
1490701638,User
1511996001,User
1512518812,User
1651569628,User
1546539924,User
1514328536,User
6867076570,User
1570505463,User
1939471890,User
1311402969,User
1528417134,User
714117573,User
1738037385,User
1539420254,User
1426343689,User
1581707640,User
1727153731,User
1691155890,User
1671767113,User
1558051672,User
1733092012,User
1572848470,User
1581442910,User
5068383798,User
2039272899,User
1562031936,User
1598280205,User
1573794572,User
1648224820,User
1514884695,User
1563113736,User
7053456228,User
5834754607,User
1585085823,User
1555136254,User
1959034218,User
1791566996,User
1520692727,User
1369809134,User
2002994298,User
5233955936,User
5916495500,User
NoVaccineCoercion,Channel
6946302900,User
1756075115,User
1420952111,User
1613922652,User
1563539046,User
1567873970,User
1966341269,User
1552391408,User
7123034261,User
1818766553,User
1512288339,User
6895898412,User
1665750033,User
5591691769,User
5082457913,User
1431850117,User
5052839365,User
1476971555,User
1749101732,User
2123060722,User
1908500192,User
5390964245,User
1569493807,User
5426014888,User
6818361937,User
1402201280,User
1568339522,User
2019731562,User
1511922868,User
1558712639,User
942792727,User
1563815279,User
5443057960,User
1669635993,User
6118197065,User
1691028119,User
893661894,User
VoiceOfWales,Channel
1612768409,User
304220834,User
1654064227,User
1322428322,User
agentsoftruth,Channel
1604636018,User
5473977306,User
6791165587,User
6984570648,User
6112576170,User
1569300006,User
1699899515,User
1597572597,User
1531499954,User
6478908575,User
6445805864,User
5746863103,User
1590207971,User
1583438113,User
1524071014,User
2066785843,User
1445469087,User
7891298047,User
1139385311,User
1527335439,User
1860385862,User
1507483259,User
1575066588,User
1594722788,User
1696793935,User
1739984955,User
1576083124,User
1623716827,User
ausmed51,Channel
1908918251,User
1529571340,User
987600984,User
1581479485,User
1303590940,User
1746454350,User
1511553194,User
1449924401,User
1593536965,User
7143184830,User
754664359,User
1593740013,User
1554886682,User
1505089480,User
1534484566,User
5057890597,User
1487798471,User
5591735214,User
5055517159,User
862795390,User
1477541330,User
1785537888,User
1616706557,User
1976086218,User
1508031886,User
7203791992,User
6461232220,User
1529975747,User
1437049104,User
1534189293,User
2049718825,User
1160990483,User
1507526563,User
5951293860,User
6290867212,User
6381258808,User
1617358470,User
6416911423,User
6833892932,User
1947644526,User
1349301146,User
1510494957,User
5115287938,User
1400404526,User
1704638492,User
1790084958,User
1527480896,User
1852541442,User
5220088571,User
1260190655,User
1073832399,User
5769757848,User
1557608609,User
853133995,User
1484748950,User
1547034033,User
1428078260,User
1410062069,User
1743895798,User
1510550143,User
1684655474,User
1537531196,User
1681351756,User
2070762518,User
1598663250,User
1587938687,User
580274787,User
1380553531,User
1562435411,User
626924020,User
1412347598,User
1418143206,User
1641072137,User
BrittRepublican,Channel
1232919933,User
1464897392,User
2080229694,User
1545424940,User
1405471119,User
1956925875,User
1599147726,User
1519117876,User
1416537888,User
1681931666,User
5759814681,User
1778671721,User
727123308,User
1678744410,User
1590083820,User
1543005686,User
962677552,User
1511975265,User
1909330688,User
1515317152,User
1996210803,User
764259460,User
1512609415,User
1612266416,User
5251532546,User
2001657519,User
451516218,User
1597470854,User
5782611818,User
1522286482,User
1512436673,User
1559646234,User
1459906836,User
1760018381,User
1112840342,User
5071398784,User
5254471672,User
1525771401,User
1518908499,User
1583035430,User
1482662212,User
5840867809,User
1275939483,User
1624940444,User
2048151868,User
1556271334,User
1573535792,User
1946051619,User
917332281,User
5241728461,User
1435573821,User
1935547757,User
357784710,User
1143551450,User
5024533455,User
1167085639,User
6421420061,User
1540914735,User
1505683287,User
5050941381,User
5304213949,User
6411381139,User
5773346930,User
1970583271,User
831211379,User
357108585,User
1987542498,User
1847178919,User
1865602837,User
1515914600,User
374804083,User
549337998,User
1833120308,User
419270034,User
911172885,User
5481531308,User
5289538257,User
5752486617,User
1979658171,User
872891465,User
1441124269,User
1513538268,User
1689883175,User
1591938821,User
1190138039,User
1675111730,User
1762193805,User
1584445467,User
6264290674,User
1663242712,User
1637923614,User
1554545825,User
1504668897,User
793343372,User
5376391870,User
7171576719,User
1570526330,User
1546659413,User
1580645342,User
1634106785,User
5108520888,User
1556657723,User
1689550807,User
1429741493,User
5224858273,User
1186487867,User
1373951649,User
480550291,User
1506083740,User
1102889531,User
1555388233,User
1565527037,User
1108763492,User
5625057484,User
1999730736,User
1592547348,User
5294598744,User
6577301229,User
1697231429,User
6156884785,User
1832810166,User
1576784126,User
1507252068,User
1568251748,User
1521170067,User
1633924503,User
1437895928,User
1588370380,User
1826270016,User
5498748167,User
1620026241,User
1506553065,User
1524033336,User
1745581492,User
6525371749,User
5267314653,User
maxime_leroy,Channel
1695779736,User
5510233152,User
1993003174,User
6833213213,User
1597381850,User
1506921442,User
1279508806,User
5126058252,User
1534766105,User
218519670,User
1515918754,User
1535927314,User
2084897678,User
1581981977,User
1563577666,User
1465867936,User
1528246206,User
356174716,User
6264513759,User
1544249296,User
830257012,User
1446400701,User
1929230315,User
1669593799,User
5478467130,User
1508596225,User
1916526749,User
1509439662,User
1450736612,User
5573998957,User
1154500044,User
1737012276,User
1365134676,User
1486129703,User
1484795238,User
1431039393,User
1672180226,User
1548855844,User
1510820453,User
1571687010,User
1850185769,User
1257837205,User
2016997228,User
1396006758,User
1119897189,User
1868637226,User
1657068110,User
5198261855,User
1956166742,User
1575718944,User
1562765078,User
1604342321,User
1595954019,User
1528898074,User
1174946040,User
5120367518,User
1528681170,User
1414616532,User
1309662933,User
1957037286,User
1513336411,User
2128922673,User
botg23,Channel
6763674261,User
1538891023,User
1535356643,User
1559182840,User
5061540644,User
104784211,User
VerifyQus,Channel
1491949081,User
1673149103,User
1588807844,User
868582377,User
1278734376,User
1568351658,User
1553886565,User
1570232752,User
1513509455,User
1649760184,User
1594724339,User
643817071,User
1949668523,User
1611033072,User
diedsuddenlyworldwide,Channel
5834393841,User
forumcommissionecovid,Channel
1641896145,User
571541446,User
1657389800,User
5729381053,User
616648134,User
1738104372,User
6832757061,User
1535765805,User
1936685363,User
1598787899,User
1642107047,User
984896005,User
1617874712,User
6040439059,User
random_curated,Channel
5006995932,User
1247601415,User
1204981975,User
1770640489,User
1284246486,User
1529977981,User
1534394287,User
6121136637,User
1502658776,User
1789981301,User
5094076805,User
1452400094,User
1558240479,User
1776080692,User
5083141690,User
1744443238,User
1503745917,User
1485518221,User
1533356908,User
1591299307,User
40279513,User
1551781935,User
1971567069,User
5034268835,User
1293755820,User
1951888616,User
1576638301,User
1681114920,User
1591339153,User
playmastermovie,Channel
1928876257,User
1680376767,User
1550335134,User
2007896053,User
5727179129,User
1714093462,User
1709047383,User
1245632348,User
JasonLiosatosOutsideTheBox,Channel
1579114885,User
1263226308,User
1526345388,User
1545098563,User
295596638,User
1567026630,User
1879950234,User
1979994215,User
1505851476,User
840651374,User
1406137475,User
924389144,User
1520522106,User
6848972891,User
1865912193,User
1560715644,User
1479645543,User
1420998116,User
1586061527,User
5790651014,User
5241457062,User
1775076005,User
1662606604,User
2011462167,User
1494651215,User
2085447359,User
1795966954,User
1870574427,User
778175916,User
782907803,User
6576498798,User
1384473297,User
1970359378,User
532847509,User
6472532437,User
1916001453,User
1940442466,User
1594197865,User
1569381645,User
548918038,User
1575106402,User
1687074059,User
5279337317,User
1937729169,User
1411416364,User
1555457593,User
1501645311,User
7110823357,User
6558247908,User
6439277776,User
528678666,User
NSM88AusNz,Channel
1527895206,User
1553211256,User
5321279636,User
5318006242,User
1715471582,User
2013087907,User
1732791883,User
1585650737,User
JosefSternInformazioniLibere,Channel
5588177796,User
130491458,User
1873249634,User
1695323607,User
1594674152,User
5556410156,User
360173145,User
1668532690,User
1870436415,User
1554584262,User
1402605682,User
2064762639,User
85386356,User
freedomgibraltar,Channel
1583184115,User
6547842836,User
1921781166,User
1410086156,User
850126309,User
1314781449,User
1552319596,User
820594408,User
1612755102,User
1641314667,User
1589546442,User
2049378747,User
1228611227,User
1559969655,User
1549239175,User
6758068731,User
1561595252,User
7039060292,User
7321696522,User
1522487180,User
CrimeaVoice,Channel
1521058995,User
6764080964,User
7318599964,User
1586535796,User
5414649755,User
1561085518,User
6942645928,User
1432949982,User
8188880876,User
1421555681,User
1456797510,User
6229290388,User
1716370314,User
1398819752,User
5248478148,User
1217355545,User
6729441881,User
1540136038,User
6104003245,User
1521567454,User
1509561315,User
5698422661,User
636391073,User
1430917623,User
1605024275,User
1765827806,User
1562539500,User
1947839446,User
5150830533,User
7222317082,User
1458426362,User
7145105560,User
7528163150,User
5100356149,User
896932100,User
612580644,User
6646801444,User
7077990823,User
6783532353,User
7542389084,User
2061986562,User
226155439,User
1560116755,User
5065192090,User
5439523960,User
7323028628,User
7411533671,User
6295594162,User
1558601736,User
1576461271,User
1729998547,User
1599292173,User
1605076622,User
1410052629,User
1538976867,User
6227789560,User
1943620208,User
5812001456,User
1545538006,User
1502754328,User
5051509213,User
6976778766,User
1973742711,User
1073634393,User
1553638237,User
ElectionEducation,Channel
1482421997,User
1407223189,User
1537023613,User
1647502674,User
1761758105,User
1500834653,User
1473461060,User
1584950865,User
1554375303,User
1574249421,User
1509248454,User
1653786160,User
1672546708,User
1704688995,User
1526338357,User
1586179279,User
1536569005,User
1593229791,User
1595828279,User
1835131684,User
1528303202,User
1684076414,User
7087423524,User
1541025864,User
1723810723,User
1556718116,User
7243623236,User
6927633120,User
1546302563,User
1402122878,User
1872489099,User
1552285360,User
6542000399,User
1974123239,User
1564962287,User
1435664034,User
5136751756,User
1658207928,User
1530967375,User
5172720829,User
1920157308,User
1227050388,User
6494125945,User
1673857806,User
1638021083,User
1530911347,User
5265403041,User
1482542299,User
5844683622,User
6944867436,User
1054886930,User
5723700282,User
1167466754,User
1652915710,User
1618427590,User
1528496674,User
1562307528,User
5766962518,User
1403911688,User
1522585640,User
7495281891,User
469870407,User
2008296245,User
828607995,User
1145138910,User
1537614166,User
1689488383,User
1887503780,User
328086277,User
1882528912,User
5693978375,User
official_fireduptxlawyer,Channel
1667384570,User
942153761,User
1591827465,User
6887542875,User
6609999416,User
1300782477,User
1629575848,User
1409784954,User
1537040949,User
1654321723,User
1396884864,User
1546896552,User
1506635816,User
2017480973,User
2100631721,User
1506849767,User
1603698030,User
1558959531,User
1573222539,User
1591391753,User
1537760210,User
1545150473,User
1488779534,User
1552958666,User
1575944433,User
1686724801,User
1603044877,User
1556960438,User
5038653004,User
1996770570,User
1458120833,User
1531076988,User
5285738730,User
1131170656,User
785907705,User
1587667378,User
477136666,User
872145288,User
646231231,User
56895881,User
5991609869,User
2053643023,User
1537750316,User
1552068925,User
1997446033,User
1535267363,User
1789277128,User
7096595441,User
7292105953,User
374686698,User
1591072837,User
1661906403,User
6850289693,User
1563170259,User
5552369253,User
1594425318,User
1766273137,User
1807372202,User
6423781247,User
1413966305,User
1552273904,User
1861405095,User
1662566506,User
1655147426,User
1699087867,User
1419014453,User
6689516843,User
1597162604,User
1002488564,User
1800226918,User
1455607518,User
6042619179,User
50740524,User
katakdirebus,Channel
1265116593,User
6415593423,User
6257145358,User
1555599045,User
672251263,User
6004299626,User
1508797554,User
1626473852,User
2068939882,User
1743279957,User
1468688204,User
1612272486,User
1628132371,User
1638684994,User
1582315787,User
1744563785,User
1518143613,User
1566032194,User
884628156,User
1540970561,User
1218631229,User
1054249013,User
5509006730,User
1531299802,User
1257910588,User
1810970031,User
1378719198,User
opinionilibertarienews,Channel
661818016,User
1022505594,User
870369493,User
2077751481,User
6889470316,User
1375710300,User
1775216272,User
5203112271,User
2013490161,User
5114597573,User
1670970332,User
InfoGeoLiveNews,Channel
1355416582,User
119639661,User
1067065704,User
6808499920,User
5059643579,User
1910500916,User
CASADELSOLETV,Channel
2021176201,User
797144057,User
1536163317,User
1626164505,User
1430569805,User
1621944087,User
1458843765,User
133335022,User
eXtinctionRebellion,Channel
1525736168,User
1583926969,User
1148139322,User
1531453314,User
5154290822,User
2099290931,User
1957398539,User
1927050191,User
1745999978,User
2037765951,User
1645470612,User
1431150422,User
1535267119,User
1645495039,User
5880532262,User
5040295624,User
1530765274,User
1208488146,User
1506779156,User
1622451835,User
1321984769,User
1661546993,User
1230021327,User
1528887519,User
6965161043,User
156862883,User
444515524,User
5045688772,User
1580952437,User
1572985671,User
1064409740,User
1613453324,User
1910178559,User
1303258408,User
5256842636,User
1236180368,User
1433017895,User
2052406002,User
1270673442,User
6574961540,User
1527292756,User
1511149527,User
1534181275,User
196817023,User
1103777432,User
6437510131,User
1837014529,User
807344031,User
TheParanormiesPresent,Channel
6230344831,User
1487341581,User
2064791377,User
1521577179,User
264384165,User
1874780996,User
1051518694,User
943103730,User
1502884665,User
5532465037,User
1694719404,User
1567491350,User
1339041905,User
1934616075,User
5374030074,User
1614174521,User
1537518810,User
1974737573,User
987432174,User
1576747921,User
5541808265,User
818223572,User
929438313,User
6286285564,User
1587436655,User
1527043910,User
897994294,User
5044170874,User
1508332773,User
24599336,User
6951746359,User
1545637902,User
1593994421,User
1507647657,User
496426057,User
TFC_8,Channel
1647611865,User
1474673771,User
1503759945,User
6268935985,User
1533738125,User
437776053,User
5899315494,User
1579835411,User
5154078783,User
1493620910,User
5845627079,User
6943368437,User
1756402705,User
470487049,User
7148012163,User
2023467953,User
1495573715,User
1589693668,User
5467927980,User
1368120842,User
6294924672,User
1528874191,User
1552044714,User
1549155007,User
1585917775,User
1736348949,User
940109571,User
1503652002,User
6644021739,User
6556348892,User
1486100893,User
821291629,User
5927072063,User
1394347681,User
1251121197,User
1454770914,User
1584980595,User
967830568,User
7179000364,User
5462143752,User
1128549192,User
1920886864,User
872796963,User
2007332916,User
1795239653,User
1413184442,User
6784106791,User
6851816167,User
6765785194,User
1579698278,User
890993068,User
1510016915,User
1540379049,User
5564877877,User
1570175871,User
1337103453,User
5114539084,User
6486433088,User
1916566989,User
1547832917,User
1174464585,User
1411256560,User
1551275895,User
1526644507,User
6988415122,User
posadacarriles1959,Channel
1574011689,User
1956122893,User
1865727937,User
islamophobiawatch,Channel
821289032,User
1921236338,User
1558450805,User
1492242886,User
170847029,User
291254962,User
1582275379,User
1814725752,User
1447405642,User
5542312158,User
6506684170,User
1244103810,User
1922264212,User
1360120429,User
1595259825,User
1596166573,User
1438464647,User
5334053601,User
1964280470,User
1574993902,User
1527703549,User
1747353089,User
1551319822,User
894097988,User
1722476735,User
1570590990,User
1750413713,User
1307347293,User
7929674467,User
1189723281,User
1815264560,User
853789826,User
5447121526,User
1322546928,User
1303353993,User
429497005,User
195158334,User
1439426577,User
1570503485,User
1851391653,User
1773964600,User
1615301680,User
1244718527,User
2130404941,User
1732355374,User
959212477,User
5183596070,User
1543265576,User
5969177674,User
6666371144,User
imglover13THGENPATRIOT,Channel
1550540892,User
1667490094,User
533025147,User
7308490752,User
242323944,User
303983740,User
1564428178,User
1934606537,User
1571380073,User
7151265441,User
1539303316,User
1552947857,User
2058101389,User
1711632905,User
7117706857,User
1471004682,User
1385637770,User
1485930402,User
1972096043,User
1802622336,User
1992553658,User
1551685392,User
1411501712,User
1265006064,User
2098714721,User
6960441589,User
216484357,User
5043889921,User
1223982833,User
1916738485,User
1769940956,User
5529236773,User
1991171320,User
102193698,User
343343576,User
1364712196,User
880680406,User
901708333,User
1907346076,User
1532972483,User
1529782843,User
1700817609,User
1484616023,User
1096165153,User
1673075935,User
5155600351,User
1115290967,User
1547519172,User
1487004123,User
6208133505,User
5398300676,User
827042191,User
5429301381,User
5624815061,User
5013336266,User
5032667619,User
1815473762,User
1540711872,User
907298901,User
58062945,User
1609392876,User
1607439218,User
6547538716,User
sologesusalva1,Channel
1527783182,User
2003812629,User
2070057970,User
1483354628,User
1758774650,User
1070256943,User
624071874,User
1606681297,User
1554323999,User
1515900935,User
1503247596,User
5901010278,User
1536713016,User
1637277352,User
827628347,User
1714292844,User
1511616258,User
1669807157,User
1656408935,User
1616729612,User
1516393692,User
5537701746,User
1508570571,User
5173599162,User
1610074102,User
6717449143,User
1581541424,User
2009566837,User
5078035536,User
727386931,User
1408488610,User
922341635,User
ifitsontheinternet2,Channel
1578129917,User
1584300469,User
2129781187,User
6381188667,User
1518531968,User
1517712042,User
1602731577,User
2116015049,User
1559831908,User
5169219809,User
1631644005,User
1796192541,User
1591255020,User
706805422,User
1554195673,User
1561154666,User
5881808941,User
6357941478,User
1655506594,User
741823028,User
7117158930,User
1440625190,User
1594366925,User
1533047217,User
1085275894,User
1663429131,User
1783297421,User
1588741047,User
440747849,User
1897711270,User
1051456723,User
328693071,User
1246635439,User
1560890475,User
1712876376,User
1793213430,User
863254626,User
1455116595,User
314068601,User
6227772471,User
2116315303,User
1639901451,User
516214200,User
1400209696,User
929568785,User
7147448216,User
6334610715,User
1994720552,User
1541380560,User
562160748,User
6438693994,User
1557162638,User
1538915518,User
1566919611,User
1651668920,User
5598482639,User
1581403103,User
947045321,User
1403066235,User
6630527145,User
759829508,User
1505443500,User
1976807082,User
117075107,User
1914571233,User
1910312137,User
1738958121,User
8077478518,User
6001823011,User
6884770064,User
5268324720,User
5619801309,User
1474649009,User
1560390284,User
1278332264,User
5023055240,User
1347070819,User
1562119635,User
1652523666,User
1373563816,User
913818556,User
1061783046,User
1219901683,User
5958828489,User
925310246,User
1507642719,User
526411134,User
6542854074,User
7768154920,User
1932685478,User
7661483312,User
pookzta,Channel
8093895788,User
497708945,User
1821880124,User
7929579888,User
1062347266,User
5263218088,User
6683241587,User
1898516463,User
1394558091,User
randomanonch1,Channel
7399498653,User
1200546929,User
865143374,User
8052553181,User
1426386711,User
416238442,User
917020681,User
6520799271,User
7759461763,User
7321865880,User
6550842436,User
1597895861,User
1531784544,User
6306232800,User
6807419611,User
673263521,User
5115860667,User
1406373035,User
6725151228,User
1482262760,User
1557554522,User
6947296532,User
852438436,User
1833297306,User
defendevropa,Channel
7523883224,User
7960336559,User
5290977072,User
madTparty,Channel
2086253972,User
2131021063,User
1595369089,User
1440249889,User
6903694602,User
912319165,User
1663205866,User
5046613144,User
1994091616,User
1599906897,User
5742762317,User
5086569206,User
1452017951,User
1563032016,User
1854284614,User
1507507503,User
5172042602,User
1538166078,User
5131340784,User
1958104433,User
1615731016,User
1741737226,User
DrEdithUbuntu,Channel
1587576093,User
1543775762,User
1353479179,User
1535584080,User
5215152748,User
1698421888,User
1613263417,User
1641457982,User
1707203542,User
1423040512,User
1588211117,User
1650402995,User
1735392954,User
6948519399,User
5698940753,User
5227096958,User
5682476908,User
1514808445,User
1575124089,User
1490276623,User
1459679571,User
1599475512,User
1710222554,User
1040909940,User
1053729467,User
1764212990,User
199926469,User
7137421867,User
5757532359,User
1581471044,User
1278694513,User
6495765245,User
1515886957,User
1669139135,User
qresearch_at,Channel
7227776948,User
1682105544,User
5765536228,User
