,clustering_coefficient
5563372204,0.500089394264464
7754048401,0.500089394264464
1585468041,0.500089394264464
1537023613,0.500089394264464
6306085524,0.500089394264464
7343773308,0.500089394264464
1510162414,0.500089394264464
1429531150,0.500089394264464
1573362495,0.500089394264464
1539059568,0.500089394264464
1416816610,0.500089394264464
1718619307,0.500089394264464
1598399114,0.500089394264464
95870386,0.500089394264464
5536393125,0.500089394264464
1547977168,0.500089394264464
1548015084,0.500089394264464
1870170900,0.500089394264464
1761803916,0.500089394264464
7215412993,0.500089394264464
1536929092,0.500089394264464
1564090445,0.500089394264464
1490348229,0.500089394264464
1540464541,0.500089394264464
1502749913,0.500089394264464
1638185404,0.500089394264464
5064674421,0.500089394264464
1861105666,0.500089394264464
6278169700,0.500089394264464
1813212486,0.500089394264464
1703045582,0.500089394264464
1118794471,0.500089394264464
1544018216,0.500089394264464
2045649156,0.500089394264464
2046810557,0.500089394264464
7343334283,0.500089394264464
1588620200,0.500089394264464
1502288837,0.500089394264464
1415737901,0.500089394264464
1530725770,0.500089394264464
6804731183,0.500089394264464
1525345571,0.500089394264464
1567646917,0.500089394264464
6870427521,0.500089394264464
1912927063,0.500089394264464
1236267549,0.500089394264464
1630263666,0.500089394264464
1515952844,0.500089394264464
1622122394,0.500089394264464
1660341622,0.500089394264464
2124705634,0.500089394264464
1519033015,0.500089394264464
2006550686,0.500089394264464
1283730396,0.500089394264464
1426303961,0.500089394264464
1582156761,0.500089394264464
1308645926,0.500089394264464
1578772520,0.500089394264464
1566992352,0.500089394264464
1880424290,0.500089394264464
7381954671,0.500089394264464
1616189002,0.500089394264464
1259521198,0.500089394264464
1828628737,0.500089394264464
1434545500,0.500089394264464
6348914481,0.500089394264464
1372671838,0.500089394264464
1552278886,0.500089394264464
1539706862,0.500089394264464
1410356621,0.500089394264464
1507810887,0.500089394264464
1426080177,0.500089394264464
1626145102,0.500089394264464
6591628114,0.500089394264464
1910433308,0.500089394264464
702018721,0.500089394264464
1597498401,0.500089394264464
5698940753,0.500089394264464
7320107562,0.500089394264464
1332266327,0.500089394264464
1607073316,0.500089394264464
751283612,0.500089394264464
5552369253,0.500089394264464
1965617788,0.500089394264464
1419804404,0.500089394264464
1410254234,0.500089394264464
7010601843,0.500089394264464
1504883453,0.500089394264464
6943776051,0.500089394264464
1725156699,0.500089394264464
1688867178,0.500089394264464
7052128260,0.500089394264464
1581471044,0.500089394264464
1224815558,0.500089394264464
1400290256,0.500089394264464
7389724057,0.500089394264464
7804290076,0.500089394264464
1543055492,0.500089394264464
1584467251,0.500089394264464
5557068847,0.500089394264464
2028203209,0.500089394264464
1834321962,0.500089394264464
1508197618,0.500089394264464
1325575244,0.500089394264464
1440700695,0.500089394264464
6690926801,0.500089394264464
1476597437,0.500089394264464
1534919959,0.500089394264464
7047858276,0.500089394264464
1558241405,0.500089394264464
1870972918,0.500089394264464
1521808058,0.500089394264464
1593207080,0.500089394264464
1509498231,0.500089394264464
1601727986,0.500089394264464
1401079857,0.500089394264464
1551407108,0.500089394264464
1688040647,0.500089394264464
1493313297,0.500089394264464
1752615577,0.500089394264464
7160840726,0.500089394264464
1505570906,0.500089394264464
6521643964,0.500089394264464
7816844357,0.500089394264464
2022894210,0.500089394264464
1532459693,0.500089394264464
1526732014,0.500089394264464
5457822907,0.500089394264464
7177399402,0.500089394264464
1491915848,0.500089394264464
1929234606,0.500089394264464
1512789658,0.500089394264464
1550749702,0.500089394264464
1579950523,0.500089394264464
1545203461,0.500089394264464
1699600331,0.500089394264464
1626984876,0.500089394264464
761076211,0.500089394264464
1803286355,0.500089394264464
1435551132,0.500089394264464
1638291606,0.500089394264464
2067325124,0.500089394264464
1460637280,0.500089394264464
1443325029,0.500089394264464
7770503263,0.500089394264464
2008664272,0.500089394264464
1736417760,0.500089394264464
1852190711,0.500089394264464
1581625449,0.500089394264464
1535693710,0.500089394264464
1481767547,0.500089394264464
1568002607,0.500089394264464
1416871923,0.500089394264464
1571222319,0.500089394264464
7417622752,0.500089394264464
6576222791,0.500089394264464
1807451644,0.500089394264464
1766273137,0.500089394264464
1474298692,0.500089394264464
1628738625,0.500089394264464
1662384954,0.500089394264464
1918538367,0.500089394264464
5025258294,0.500089394264464
1596155312,0.500089394264464
1581494440,0.500089394264464
7652011830,0.500089394264464
1533057015,0.500089394264464
6105960730,0.500089394264464
1563007027,0.500089394264464
2019244924,0.500089394264464
5220088571,0.500089394264464
1581651723,0.500089394264464
1721705901,0.500089394264464
1314225996,0.500089394264464
1707309429,0.500089394264464
1571378984,0.500089394264464
2082379097,0.500089394264464
7402045590,0.500089394264464
1525963193,0.500089394264464
1529237156,0.500089394264464
1522136379,0.500089394264464
1476299884,0.500089394264464
1787550513,0.500089394264464
861900570,0.500089394264464
1456393752,0.500089394264464
1579225267,0.500089394264464
1618197470,0.500089394264464
1711030577,0.500089394264464
1545522634,0.500089394264464
5291428080,0.500089394264464
1512863808,0.500089394264464
5455906778,0.500089394264464
7344573875,0.500089394264464
1541963886,0.500089394264464
7327041749,0.500089394264464
1049393914,0.500089394264464
6424851510,0.500089394264464
5877130428,0.500089394264464
1501974778,0.500089394264464
1599231769,0.500089394264464
1484967046,0.500089394264464
1559291963,0.500089394264464
1441102282,0.500089394264464
1595825242,0.500089394264464
1574831840,0.500089394264464
5110339857,0.500089394264464
6416488969,0.500089394264464
1597788690,0.500089394264464
1538545405,0.500089394264464
1540199114,0.500089394264464
1426799022,0.500089394264464
1123306025,0.500089394264464
7846535536,0.500089394264464
1587409718,0.500089394264464
1500399162,0.500089394264464
7178067200,0.500089394264464
470911542,0.500089394264464
1548946693,0.500089394264464
1580045803,0.500089394264464
1073634393,0.500089394264464
1508239828,0.500089394264464
1588895232,0.500089394264464
1540480319,0.500089394264464
7645568270,0.5000527407615766
6699828305,0.5000527407615766
1559609281,0.5000527407615766
6655358211,0.5000527407615766
6548596470,0.5000527407615766
7031195570,0.5000527407615766
1500598451,0.5000527407615766
5013462660,0.5000527407615766
1594179826,0.5000527407615766
1517709532,0.5000527407615766
1515562319,0.5000527407615766
7409655102,0.5000527407615766
8177337638,0.5000527407615766
1594425318,0.5000527407615766
1354326278,0.5000527407615766
1780827271,0.5000527407615766
6042236860,0.5000527407615766
1559983125,0.5000527407615766
1574054171,0.5000527407615766
6701076864,0.5000527407615766
1728266348,0.5000527407615766
6427920466,0.5000527407615766
1536663674,0.5000527407615766
6717528490,0.5000527407615766
5999769345,0.5000527407615766
6153572676,0.5000527407615766
1580854670,0.5000527407615766
1579746350,0.5000527407615766
1517142568,0.5000527407615766
6776480105,0.5000527407615766
6199877160,0.5000527407615766
6659880669,0.5000527407615766
1517978345,0.5000527407615766
1716874366,0.5000527407615766
1610257781,0.5000527407615766
1079091177,0.5000527407615766
7285172678,0.5000527407615766
1650972440,0.5000527407615766
1564812350,0.5000527407615766
1422031656,0.5000527407615766
1528094050,0.5000527407615766
7190949677,0.5000527407615766
1435797942,0.5000527407615766
6919254613,0.5000527407615766
1535356643,0.5000527407615766
1797691238,0.5000527407615766
1351254672,0.5000527407615766
1665977551,0.5000527407615766
1566284649,0.5000527407615766
1429449812,0.5000527407615766
1859788450,0.5000527407615766
1706809374,0.5000527407615766
1522932380,0.5000527407615766
1527071496,0.5000527407615766
1467814783,0.5000527407615766
8057917055,0.5000527407615766
1552303542,0.5000527407615766
1500841480,0.5000527407615766
1745242627,0.5000527407615766
1391291765,0.5000527407615766
5075217443,0.5000527407615766
1554833381,0.5000527407615766
1575183726,0.5000527407615766
6563386509,0.5000527407615766
1578850834,0.5000527407615766
1692635766,0.5000527407615766
1556925970,0.5000527407615766
1577701313,0.5000527407615766
1515274962,0.5000527407615766
1753809310,0.5000527407615766
1581541424,0.5000527407615766
1612382152,0.5000527407615766
7472104002,0.5000527407615766
1558528476,0.5000527407615766
1474449345,0.5000527407615766
1517150402,0.5000527407615766
1510198437,0.5000527407615766
1880930892,0.5000527407615766
1549380849,0.5000527407615766
1587571496,0.5000527407615766
1975318818,0.5000527407615766
1958085634,0.5000527407615766
1542864467,0.5000527407615766
1563031413,0.5000527407615766
753361773,0.5000527407615766
1565398265,0.5000527407615766
6600821565,0.5000527407615766
7307175504,0.5000527407615766
1463534351,0.5000527407615766
6727924528,0.5000527407615766
7065536272,0.5000527407615766
5128938588,0.5000527407615766
6189232181,0.5000527407615766
5156792539,0.5000527407615766
1668390391,0.5000527407615766
1417409436,0.5000527407615766
6002007538,0.5000527407615766
1511996001,0.5000527407615766
5709915504,0.5000527407615766
1632394192,0.5000527407615766
1985421415,0.5000527407615766
7428712081,0.5000527407615766
1553513504,0.5000527407615766
1587838254,0.5000527407615766
786084808,0.5000527407615766
1501256838,0.5000527407615766
1996701577,0.5000527407615766
1532924211,0.5000527407615766
2010883764,0.5000527407615766
1621136781,0.5000527407615766
6285546119,0.5000527407615766
1673149103,0.5000527407615766
1513509455,0.5000527407615766
1418143206,0.5000527407615766
6931331045,0.5000527407615766
6707224914,0.5000527407615766
6554135737,0.5000527407615766
5715710803,0.5000527407615766
6210048386,0.5000527407615766
1146695079,0.5000527407615766
1688118855,0.5000527407615766
1206938583,0.5000527407615766
5941147377,0.5000527407615766
5983942370,0.5000527407615766
1662606604,0.5000527407615766
1801336821,0.5000527407615766
1592835709,0.5000527407615766
1302264242,0.5000527407615766
5312427962,0.5000527407615766
1214624335,0.5000527407615766
6826514501,0.5000527407615766
5865598764,0.5000527407615766
1586507118,0.5000527407615766
2135881991,0.5000527407615766
1314420181,0.5000527407615766
1564250498,0.5000527407615766
6309907273,0.5000527407615766
2009931965,0.5000527407615766
1339041905,0.5000527407615766
5047283927,0.5000527407615766
1830783642,0.5000527407615766
1592201384,0.5000527407615766
5132658439,0.5000527407615766
1704117315,0.5000527407615766
6052281407,0.5000527407615766
1595308068,0.5000527407615766
1553105738,0.5000527407615766
1538473136,0.5000527407615766
6526540471,0.5000527407615766
1762295263,0.5000527407615766
5405752811,0.5000527407615766
1517031089,0.5000527407615766
7157917135,0.5000527407615766
1684520534,0.5000527407615766
7054425094,0.5000527407615766
6850691507,0.5000527407615766
6491965243,0.5000527407615766
6069933420,0.5000527407615766
7766925173,0.5000527407615766
1517378448,0.5000527407615766
5231239177,0.5000527407615766
1461050262,0.5000527407615766
1491583298,0.5000527407615766
1589572414,0.5000527407615766
1387637568,0.5000527407615766
1603816183,0.5000527407615766
1515427934,0.5000527407615766
6857563011,0.5000527407615766
1553729050,0.5000527407615766
7166051796,0.5000527407615766
1480974824,0.5000527407615766
1981150918,0.5000527407615766
5870326054,0.5000527407615766
6621781752,0.5000527407615766
1712863482,0.5000527407615766
1510711256,0.5000527407615766
1521874699,0.5000527407615766
1512799880,0.5000527407615766
1579996693,0.5000527407615766
1602087592,0.5000527407615766
1538792285,0.5000527407615766
1591693557,0.5000527407615766
5056800946,0.5000527407615766
1433810604,0.5000527407615766
1580399682,0.5000527407615766
1561708553,0.5000527407615766
1576814430,0.5000527407615766
1522639587,0.5000527407615766
1178044956,0.5000527407615766
2024479126,0.5000527407615766
1521141950,0.5000527407615766
6862690513,0.5000527407615766
1657304994,0.5000527407615766
1565149786,0.5000527407615766
1430565155,0.5000527407615766
884628156,0.5000527407615766
1580950500,0.5000527407615766
1517028615,0.5000527407615766
1781588447,0.5000527407615766
1250551954,0.5000527407615766
1347268143,0.5000527407615766
5283667938,0.5000527407615766
1527554364,0.5000527407615766
1884011971,0.5000527407615766
6445703657,0.5000527407615766
6769486409,0.5000527407615766
1784096592,0.5000527407615766
1567192020,0.5000527407615766
1575444698,0.5000527407615766
1875304235,0.5000527407615766
1468266575,0.5000527407615766
1563140864,0.5000527407615766
5010038643,0.5000527407615766
2111210784,0.5000527407615766
6608874023,0.5000527407615766
1245995125,0.5000527407615766
1534311242,0.5000527407615766
1611937311,0.5000527407615766
1571397005,0.5000527407615766
1563872141,0.5000527407615766
5852797282,0.5000527407615766
1517978438,0.5000527407615766
1532035777,0.5000527407615766
2093965247,0.5000527407615766
6272607426,0.5000527407615766
5905064701,0.5000527407615766
2043746859,0.5000527407615766
5310414019,0.5000527407615766
1520432689,0.5000372203818811
1585454811,0.5000372203818811
2113969982,0.5000372203818811
1579698278,0.5000372203818811
1911308662,0.5000372203818811
1464701662,0.5000372203818811
1994728681,0.5000372203818811
1593169976,0.5000372203818811
1482719041,0.5000372203818811
1623277390,0.5000372203818811
1042226211,0.5000372203818811
5686887618,0.5000372203818811
1512771892,0.5000372203818811
1559836683,0.5000372203818811
1553386809,0.5000372203818811
1528396685,0.5000372203818811
1516149798,0.5000372203818811
6496511395,0.5000372203818811
1514474555,0.5000372203818811
1518531968,0.5000372203818811
1658084370,0.5000372203818811
1583755061,0.5000372203818811
1500396768,0.5000372203818811
1540473299,0.5000372203818811
1517816520,0.5000372203818811
5880454004,0.5000372203818811
1746528669,0.5000372203818811
1880881412,0.5000372203818811
5032336335,0.5000372203818811
1467963032,0.5000372203818811
1387400301,0.5000372203818811
1631054215,0.5000372203818811
1548075593,0.5000372203818811
1594006754,0.5000372203818811
1581548930,0.5000372203818811
1566331267,0.5000372203818811
5523811964,0.5000372203818811
5808781031,0.5000372203818811
1699246014,0.5000372203818811
1571423960,0.5000372203818811
1389756337,0.5000372203818811
1513920354,0.5000372203818811
6311380548,0.5000372203818811
1540975050,0.5000372203818811
1243020228,0.5000372203818811
6047504686,0.5000372203818811
1529077448,0.5000372203818811
1355204665,0.5000372203818811
1699154470,0.5000372203818811
1652416361,0.5000372203818811
1385658479,0.5000372203818811
1498306936,0.5000372203818811
1856181595,0.5000372203818811
1965962646,0.5000372203818811
6037637209,0.5000372203818811
5043540445,0.5000372203818811
1576829126,0.5000372203818811
1579859546,0.5000372203818811
6577842394,0.5000372203818811
1592768187,0.5000372203818811
5209988596,0.5000372203818811
6486724022,0.5000372203818811
5130669833,0.5000372203818811
1518475931,0.5000372203818811
1360148150,0.5000372203818811
1650016479,0.5000372203818811
1523802300,0.5000372203818811
1464586609,0.5000372203818811
1569895994,0.5000372203818811
1573300830,0.5000372203818811
947529346,0.5000372203818811
1577832865,0.5000372203818811
1590673509,0.5000372203818811
1730577663,0.5000372203818811
598966773,0.5000372203818811
623053426,0.5000372203818811
1139385311,0.5000372203818811
1265739503,0.5000372203818811
1555126202,0.5000372203818811
1501862669,0.5000372203818811
1610774151,0.5000372203818811
1518806199,0.5000372203818811
1784333595,0.5000372203818811
1604700933,0.5000372203818811
1568980165,0.5000372203818811
1537518810,0.5000372203818811
1624333677,0.5000372203818811
1686251384,0.5000372203818811
1591776890,0.5000372203818811
1530765274,0.5000372203818811
1638651349,0.5000372203818811
1521036929,0.5000372203818811
1527734954,0.5000372203818811
1537116440,0.5000372203818811
1981624473,0.5000372203818811
1672180226,0.5000372203818811
1532123254,0.5000372203818811
1337396750,0.5000372203818811
1549458032,0.5000372203818811
1527549960,0.5000372203818811
1512171122,0.5000372203818811
1526741746,0.5000372203818811
1528417134,0.5000372203818811
1797794674,0.5000372203818811
1559981817,0.5000372203818811
1538899933,0.5000372203818811
1543791870,0.5000372203818811
5751602838,0.5000372203818811
1575288069,0.5000372203818811
2091273945,0.5000372203818811
1594269696,0.5000372203818811
5739844572,0.5000372203818811
1680699707,0.5000372203818811
2009172953,0.5000372203818811
1264584202,0.5000372203818811
1471513942,0.5000372203818811
1074822313,0.5000372203818811
5159388482,0.5000372203818811
1678185730,0.5000372203818811
1556091722,0.5000372203818811
1513894453,0.5000372203818811
1534127961,0.5000372203818811
1535077771,0.5000372203818811
1554387503,0.5000372203818811
5466387935,0.5000372203818811
1479922286,0.5000372203818811
1514011386,0.5000372203818811
1501014874,0.5000372203818811
1325218560,0.5000372203818811
1554128392,0.5000372203818811
1553790355,0.5000372203818811
5052561036,0.5000372203818811
1653243108,0.5000372203818811
1824626053,0.5000372203818811
1727899195,0.5000372203818811
1534020576,0.5000372203818811
712433366,0.5000372203818811
1793576940,0.5000372203818811
1666180732,0.5000372203818811
902676990,0.5000372203818811
1271520965,0.5000372203818811
1459984140,0.5000372203818811
2043468739,0.5000372203818811
1403679958,0.5000372203818811
5040295624,0.5000372203818811
6090703055,0.5000372203818811
1403002879,0.5000372203818811
1580962161,0.5000372203818811
1589595894,0.5000372203818811
1329933674,0.5000372203818811
1424558154,0.5000372203818811
1524050480,0.5000372203818811
1852126560,0.5000372203818811
1359878865,0.5000372203818811
1728205923,0.5000372203818811
1580713797,0.5000372203818811
1683461922,0.5000372203818811
1573371457,0.5000372203818811
1516689691,0.5000372203818811
1434536226,0.5000372203818811
1431039393,0.5000372203818811
1516686144,0.5000372203818811
1558683725,0.5000372203818811
1506822789,0.5000372203818811
1380696354,0.5000372203818811
1889966626,0.5000372203818811
1651601563,0.5000372203818811
1564394734,0.5000372203818811
1714292844,0.5000372203818811
841775452,0.5000372203818811
2081141946,0.5000372203818811
1486232189,0.5000372203818811
1988896671,0.5000372203818811
1520643178,0.5000372203818811
1516671206,0.5000372203818811
1595629399,0.5000372203818811
1502598217,0.5000372203818811
1506238923,0.5000372203818811
1610206984,0.5000372203818811
1774237102,0.5000372203818811
1527797954,0.5000372203818811
1500768195,0.5000372203818811
1751555484,0.5000372203818811
1512343560,0.5000372203818811
1505931868,0.5000372203818811
1587471051,0.5000372203818811
6730973961,0.5000372203818811
1519640634,0.5000372203818811
1504581944,0.5000372203818811
664076698,0.5000372203818811
1539627399,0.5000372203818811
1524330013,0.5000372203818811
5881808941,0.5000372203818811
894225762,0.5000372203818811
1514043625,0.5000372203818811
1952476396,0.5000372203818811
1568734590,0.5000372203818811
1595956125,0.5000372203818811
1557767644,0.5000372203818811
1468174746,0.5000372203818811
1488301574,0.5000372203818811
990500265,0.5000372203818811
1548610320,0.5000372203818811
1590758420,0.5000372203818811
1532332961,0.5000372203818811
1415318193,0.5000372203818811
1446327821,0.5000372203818811
1510088116,0.5000372203818811
1592438692,0.5000372203818811
1458988231,0.5000372203818811
1586155064,0.5000372203818811
2083606322,0.5000372203818811
1858056455,0.5000372203818811
1561094729,0.5000372203818811
1569725277,0.5000372203818811
591591065,0.5000372203818811
1527075510,0.5000372203818811
1270181957,0.5000372203818811
1955493142,0.5000372203818811
925345635,0.5000372203818811
1796973397,0.5000372203818811
2002126894,0.5000372203818811
1571174177,0.5000372203818811
1387593884,0.5000372203818811
1522875827,0.5000372203818811
1402102670,0.5000372203818811
1870100272,0.5000372203818811
1565929173,0.5000372203818811
1700910729,0.5000372203818811
939051947,0.5000372203818811
1504531352,0.5000372203818811
1445198797,0.5000372203818811
1589340472,0.5000372203818811
1623380877,0.5000372203818811
5000440875,0.5000372203818811
1533591762,0.5000372203818811
1545284564,0.5000372203818811
1592123487,0.5000372203818811
5886467499,0.5000372203818811
1538994518,0.5000372203818811
1538169754,0.5000372203818811
1026306629,0.5000372203818811
1677092745,0.5000372203818811
6880904241,0.5000372203818811
1549108213,0.5000372203818811
1523133724,0.5000372203818811
1681020559,0.5000372203818811
1300782477,0.5000372203818811
1531087085,0.5000372203818811
1543797539,0.5000372203818811
967830568,0.5000372203818811
1557062861,0.5000372203818811
1575500125,0.5000372203818811
1582594882,0.5000372203818811
881453914,0.5000372203818811
6946248213,0.5000372203818811
1582447769,0.5000372203818811
1591143116,0.5000372203818811
6448345435,0.5000372203818811
1481353831,0.5000372203818811
1514397686,0.5000372203818811
1503314746,0.5000372203818811
1569421599,0.5000372203818811
1710959263,0.5000372203818811
1511448443,0.5000372203818811
1406358674,0.5000372203818811
1522291842,0.5000372203818811
1519456624,0.5000372203818811
1569091308,0.5000372203818811
6762809997,0.5000372203818811
1511139500,0.5000372203818811
1585266259,0.5000372203818811
1608422946,0.5000372203818811
5700356951,0.5000372203818811
2013486100,0.5000372203818811
1567809556,0.5000372203818811
1701407381,0.5000372203818811
1599264967,0.5000372203818811
1422624796,0.5000372203818811
1596958270,0.5000372203818811
1420029038,0.5000372203818811
1571792702,0.5000372203818811
1594811567,0.5000372203818811
1946085237,0.5000372203818811
1535886807,0.5000372203818811
1534828291,0.5000372203818811
1469608515,0.5000372203818811
1549814468,0.5000372203818811
1505694134,0.5000372203818811
1557333073,0.5000372203818811
1650164483,0.5000372203818811
1505948376,0.5000372203818811
1506902815,0.5000372203818811
1575423275,0.5000372203818811
1508610585,0.5000372203818811
1757276482,0.5000372203818811
1525354134,0.5000372203818811
1687151487,0.5000372203818811
1498913843,0.5000372203818811
5436365482,0.5000372203818811
5154290822,0.5000372203818811
1457756495,0.5000372203818811
1590736626,0.5000372203818811
1535790932,0.5000372203818811
1638742465,0.5000372203818811
1543126034,0.5000372203818811
1500360723,0.5000372203818811
1428720181,0.5000372203818811
5034268835,0.5000372203818811
1792675689,0.5000372203818811
1718998294,0.5000372203818811
1448653779,0.5000372203818811
2008038725,0.5000372203818811
1507995164,0.5000372203818811
1562548784,0.5000372203818811
1596662227,0.5000372203818811
1634898006,0.5000372203818811
1562123629,0.5000372203818811
5713724938,0.5000372203818811
1787762693,0.5000372203818811
1923534855,0.5000372203818811
1565242696,0.5000372203818811
1378818172,0.5000372203818811
1819137408,0.5000372203818811
5984152814,0.5000372203818811
1586271499,0.5000372203818811
1549856523,0.5000372203818811
1556032385,0.5000372203818811
1550540892,0.5000372203818811
930599189,0.5000372203818811
5463672582,0.5000372203818811
5484734504,0.5000372203818811
5557695790,0.5000372203818811
2027510759,0.5000372203818811
1475575592,0.5000372203818811
1539703848,0.5000372203818811
1696131632,0.5000372203818811
1596723489,0.5000372203818811
1218480324,0.5000372203818811
1480170963,0.5000372203818811
1631009243,0.5000372203818811
1830850353,0.5000372203818811
1470603880,0.5000372203818811
6310617745,0.5000372203818811
1782094546,0.5000372203818811
1826922018,0.5000372203818811
6098294333,0.5000372203818811
1574352755,0.5000372203818811
1612266416,0.5000372203818811
6342656785,0.5000372203818811
1494135257,0.5000372203818811
1473697749,0.5000372203818811
1593517556,0.5000372203818811
1482239166,0.5000372203818811
1550160679,0.5000372203818811
6505762563,0.5000372203818811
1400714092,0.5000372203818811
1598093068,0.5000372203818811
2099106642,0.5000372203818811
1437908758,0.5000372203818811
1518012791,0.5000372203818811
1567690657,0.5000372203818811
1529153240,0.5000372203818811
1314586148,0.5000372203818811
1595383157,0.5000372203818811
1515855398,0.5000372203818811
1695115911,0.5000372203818811
1599860886,0.5000372203818811
1568493815,0.5000372203818811
1297902647,0.5000372203818811
1476867148,0.5000372203818811
1548855844,0.5000372203818811
1640142724,0.5000372203818811
1630641368,0.5000372203818811
1313052190,0.5000372203818811
1420942155,0.5000372203818811
1886323788,0.5000372203818811
1593100716,0.5000372203818811
1640561850,0.5000372203818811
1558711841,0.5000372203818811
5376391870,0.5000372203818811
1563046214,0.5000372203818811
1521980256,0.5000372203818811
2139931279,0.5000372203818811
1536396913,0.5000372203818811
6853654415,0.5000207447360232
6320918837,0.5000207447360232
1582099326,0.5000207447360232
7049427937,0.5000207447360232
1370615439,0.5000207447360232
1587832086,0.5000207447360232
1518967376,0.5000207447360232
7184290455,0.5000207447360232
845899446,0.5000207447360232
6499816725,0.5000207447360232
1848474342,0.5000207447360232
1577492748,0.5000207447360232
7231691623,0.5000207447360232
1932329381,0.5000207447360232
1529693938,0.5000207447360232
1565438911,0.5000207447360232
7381877014,0.5000207447360232
1553429123,0.5000207447360232
6641297343,0.5000207447360232
1530912221,0.5000207447360232
1838168085,0.5000207447360232
1476507674,0.5000207447360232
1535598580,0.5000207447360232
6326758634,0.5000207447360232
1592692150,0.5000207447360232
5689596367,0.5000207447360232
968741140,0.5000207447360232
7161122827,0.5000207447360232
1654658742,0.5000207447360232
1423828352,0.5000207447360232
1590253308,0.5000207447360232
1625735872,0.5000207447360232
1474895135,0.5000207447360232
1518064416,0.5000207447360232
835984068,0.5000207447360232
1411233446,0.5000207447360232
1750814112,0.5000207447360232
1511309638,0.5000207447360232
5050048242,0.5000207447360232
7482529302,0.5000207447360232
2043947380,0.5000207447360232
1563521737,0.5000207447360232
7444310427,0.5000207447360232
7241626593,0.5000207447360232
1503517969,0.5000207447360232
5211353397,0.5000207447360232
7523788839,0.5000207447360232
7508259307,0.5000207447360232
5733860275,0.5000207447360232
1566032194,0.5000207447360232
1524246080,0.5000207447360232
1913338202,0.5000207447360232
1571687010,0.5000207447360232
2030753991,0.5000207447360232
1542357556,0.5000207447360232
1942851790,0.5000207447360232
1631845982,0.5000207447360232
1907790985,0.5000207447360232
6846618342,0.5000207447360232
1564234678,0.5000207447360232
6357801869,0.5000207447360232
1550464423,0.5000207447360232
5920459577,0.5000207447360232
1973267503,0.5000207447360232
2091196038,0.5000207447360232
6743981727,0.5000207447360232
1697505336,0.5000207447360232
1748778259,0.5000207447360232
1510558560,0.5000207447360232
2062724346,0.5000207447360232
1366619024,0.5000207447360232
1412571986,0.5000207447360232
1311881508,0.5000207447360232
1646083409,0.5000207447360232
1273446211,0.5000207447360232
7436576009,0.5000207447360232
6159566563,0.5000207447360232
1629510592,0.5000207447360232
1583663592,0.5000207447360232
1508259600,0.5000207447360232
1885673289,0.5000207447360232
1743791118,0.5000207447360232
1612869123,0.5000207447360232
1575155423,0.5000207447360232
1530388808,0.5000207447360232
1472995009,0.5000207447360232
1569819852,0.5000207447360232
1606411586,0.5000207447360232
1511735580,0.5000207447360232
1519460160,0.5000207447360232
1587673113,0.5000207447360232
1983458194,0.5000207447360232
1528553887,0.5000207447360232
906322392,0.5000207447360232
1445563403,0.5000207447360232
6242863743,0.5000207447360232
6529642128,0.5000207447360232
1850244510,0.5000207447360232
1625529381,0.5000207447360232
1560462800,0.5000207447360232
1556474691,0.5000207447360232
1627486258,0.5000207447360232
5164041428,0.5000207447360232
1501852913,0.5000207447360232
5338139487,0.5000207447360232
7119321002,0.5000207447360232
1453143544,0.5000207447360232
1497786668,0.5000207447360232
1563502950,0.5000207447360232
6008408855,0.5000207447360232
1567083968,0.5000207447360232
5184884400,0.5000207447360232
1538036373,0.5000207447360232
1598302987,0.5000207447360232
1566028358,0.5000207447360232
321009564,0.5000207447360232
1781308697,0.5000207447360232
974977284,0.5000207447360232
7387542140,0.5000207447360232
7023848004,0.5000207447360232
1559864153,0.5000207447360232
2143983694,0.5000207447360232
6073734606,0.5000207447360232
1509108179,0.5000207447360232
1530006897,0.5000207447360232
1588679402,0.5000207447360232
6017570728,0.5000207447360232
1584958598,0.5000207447360232
6214470845,0.5000207447360232
1503833749,0.5000207447360232
1518518422,0.5000207447360232
602128244,0.5000207447360232
6908689229,0.5000207447360232
2009636182,0.5000207447360232
1128370555,0.5000207447360232
5648975483,0.5000207447360232
5631829034,0.5000207447360232
1586140737,0.5000207447360232
1021804298,0.5000207447360232
5032092637,0.5000207447360232
6497622781,0.5000207447360232
6502515821,0.5000207447360232
1589085678,0.5000207447360232
1584030939,0.5000207447360232
7462493339,0.5000207447360232
1745321634,0.5000207447360232
6684754628,0.5000207447360232
874969708,0.5000207447360232
2095224684,0.5000207447360232
1524305612,0.5000207447360232
5114000595,0.5000207447360232
1467120254,0.5000207447360232
1164011414,0.5000207447360232
1587864601,0.5000207447360232
5638390980,0.5000207447360232
1586867143,0.5000207447360232
1840729990,0.5000207447360232
5469450205,0.5000207447360232
7317327564,0.5000207447360232
1238266851,0.5000207447360232
7018394117,0.5000207447360232
1506506073,0.5000207447360232
1760018381,0.5000207447360232
1562696150,0.5000207447360232
1963808172,0.5000207447360232
1087237472,0.5000207447360232
783080499,0.5000207447360232
1522202023,0.5000207447360232
1517693928,0.5000207447360232
1395082032,0.5000207447360232
1572833394,0.5000207447360232
5605896206,0.5000207447360232
7931633002,0.5000207447360232
1475010723,0.5000207447360232
7134001337,0.5000207447360232
6560906760,0.5000207447360232
6061489817,0.5000207447360232
1526870812,0.5000207447360232
1541333124,0.5000207447360232
1513424187,0.5000207447360232
1512683981,0.5000207447360232
1539058538,0.5000207447360232
7153701709,0.5000207447360232
1503478215,0.5000207447360232
1481558018,0.5000207447360232
6413323630,0.5000207447360232
5846913924,0.5000207447360232
5653638011,0.5000207447360232
1393527437,0.5000207447360232
1503615219,0.5000207447360232
1773934144,0.5000207447360232
1529308347,0.5000207447360232
1551543731,0.5000207447360232
1527895206,0.5000207447360232
7841941876,0.5000207447360232
6237290204,0.5000207447360232
7495755890,0.5000207447360232
6417115053,0.5000207447360232
1503628434,0.5000207447360232
6548088419,0.5000207447360232
1857524013,0.5000207447360232
6945567910,0.5000207447360232
5941329686,0.5000207447360232
1489169973,0.5000207447360232
1403245963,0.5000207447360232
6918784423,0.5000207447360232
1503017330,0.5000207447360232
1569072003,0.5000207447360232
1591561048,0.5000207447360232
1708126692,0.5000207447360232
6752304686,0.5000207447360232
6690569573,0.5000207447360232
5851918751,0.5000207447360232
6621204270,0.5000207447360232
7288186144,0.5000207447360232
6704497650,0.5000207447360232
6924161510,0.5000207447360232
2063035509,0.5000207447360232
1514344359,0.5000207447360232
1579213127,0.5000207447360232
1660804177,0.5000207447360232
1531467565,0.5000207447360232
1643579921,0.5000207447360232
1653116119,0.5000207447360232
843531293,0.5000207447360232
1596330396,0.5000207447360232
1336452555,0.5000207447360232
5283217286,0.5000207447360232
1515468487,0.5000207447360232
1542174923,0.5000207447360232
1457850236,0.5000207447360232
5228352086,0.5000207447360232
1577084584,0.5000207447360232
1590965767,0.5000207447360232
2059908642,0.5000207447360232
1770327671,0.5000207447360232
1612757390,0.5000207447360232
1596869585,0.5000207447360232
1526299901,0.5000207447360232
1440121407,0.5000207447360232
7756140258,0.5000207447360232
1501621502,0.5000207447360232
1567789896,0.5000207447360232
1549052752,0.5000207447360232
1526775339,0.5000207447360232
6332498535,0.5000207447360232
1454974176,0.5000207447360232
1599794586,0.5000207447360232
604874045,0.5000207447360232
1527060214,0.5000207447360232
1554201496,0.5000207447360232
1577200613,0.5000207447360232
7308940871,0.5000207447360232
5930591178,0.5000207447360232
1514315989,0.5000207447360232
1569738494,0.5000207447360232
1537467638,0.5000207447360232
1587287783,0.5000207447360232
542795393,0.5000207447360232
6739075180,0.5000207447360232
1517900189,0.5000207447360232
1500982847,0.5000207447360232
7088919937,0.5000207447360232
1947938733,0.5000207447360232
2045375491,0.5000207447360232
5292739885,0.5000207447360232
1399079578,0.5000207447360232
1501987539,0.5000207447360232
7189175429,0.5000207447360232
2128274164,0.5000207447360232
1577018686,0.5000207447360232
1612405131,0.5000207447360232
1589033945,0.5000207447360232
1513379346,0.5000207447360232
6329297847,0.5000207447360232
1612189602,0.5000207447360232
1933210028,0.5000207447360232
1594552091,0.5000207447360232
1642032364,0.5000207447360232
7139030647,0.5000207447360232
359837637,0.5000207447360232
6483050806,0.5000207447360232
897822320,0.5000207447360232
8097434764,0.5000207447360232
5664520723,0.5000207447360232
1511922868,0.5000207447360232
1584938770,0.5000207447360232
2071828500,0.5000207447360232
2117618354,0.5000207447360232
1512808287,0.5000207447360232
1588318393,0.5000207447360232
2104117467,0.5000207447360232
1520787323,0.5000207447360232
5357106162,0.5000207447360232
1534050923,0.5000207447360232
1690315569,0.5000207447360232
1545456656,0.5000207447360232
1428584065,0.5000207447360232
1998000133,0.5
1548741142,0.5
1567715019,0.5
6819150897,0.5
1238414069,0.5
896753236,0.5
1564677698,0.5
1385699621,0.5
2024096317,0.5
5493629265,0.5
1599012545,0.5
1585529423,0.5
1183251650,0.5
1556384453,0.5
1306060647,0.5
1899487845,0.5
1078403229,0.5
5013417060,0.5
1529660308,0.5
1555190455,0.5
1536228148,0.5
1610253333,0.5
1579822574,0.5
1555224597,0.5
1560489522,0.5
1565037621,0.5
1530709401,0.5
1528008702,0.5
1637923614,0.5
5291389483,0.5
1465439260,0.5
1649669505,0.5
5987333409,0.5
663671885,0.5
5424370833,0.5
1684877393,0.5
1387987043,0.5
940368013,0.5
1486213453,0.5
1204722895,0.5
5185892869,0.5
6798671276,0.5
5521921132,0.5
457523926,0.5
1570741662,0.5
6028807019,0.5
1513333259,0.5
1493625032,0.5
1550532649,0.5
5267018345,0.5
5898004162,0.5
5207237877,0.5
470432578,0.5
1088263758,0.5
1357483253,0.5
1186660881,0.5
967032700,0.5
1147745977,0.5
5474504065,0.5
5547958344,0.5
1903776062,0.5
1558436095,0.5
1509903844,0.5
1754074861,0.5
5265895139,0.5
727320360,0.5
5766067188,0.5
1064531535,0.5
6432549681,0.5
1615468978,0.5
5047335814,0.5
1471277764,0.5
5530488386,0.5
5353389384,0.5
5391041901,0.5
1313982963,0.5
5194370850,0.5
349014170,0.5
5219313564,0.5
643248932,0.5
5804504039,0.5
5536462036,0.5
1232544950,0.5
1396884864,0.5
1654321723,0.5
1882934716,0.5
5052328872,0.5
5164600701,0.5
829071507,0.5
5574783023,0.5
1558581528,0.5
2006579930,0.5
1556090656,0.5
1412325200,0.5
6450798488,0.5
1513757332,0.5
1160743014,0.5
5017141631,0.5
7046746429,0.5
1564468497,0.5
5227636565,0.5
5169357720,0.5
604190057,0.5
1706973278,0.5
902369950,0.5
1539121991,0.5
1609421880,0.5
1578238649,0.5
5263033202,0.5
583668328,0.5
897857025,0.5
1436108624,0.5
5103556369,0.5
992584275,0.5
1510616737,0.5
2031642055,0.5
1582711681,0.5
1174750288,0.5
1681973794,0.5
1518039985,0.5
1537194144,0.5
5384880914,0.5
6932046708,0.5
5148747012,0.5
1552319596,0.5
230991161,0.5
1801862620,0.5
1309579393,0.5
5263669768,0.5
479724806,0.5
1928104273,0.5
1876761626,0.5
5193274640,0.5
5144757302,0.5
1544461794,0.5
1832810166,0.5
6156884785,0.5
6423467429,0.5
799705764,0.5
564188284,0.5
6685755742,0.5
1561922344,0.5
6675674607,0.5
5394038304,0.5
1701028766,0.5
1771488944,0.5
6695107434,0.5
665996942,0.5
6995079502,0.5
1959992701,0.5
861498761,0.5
813605753,0.5
5779343614,0.5
1410277267,0.5
1175194646,0.5
937071114,0.5
1608428295,0.5
1753946076,0.5
1519909176,0.5
1507292685,0.5
650332542,0.5
1433258020,0.5
1580958509,0.5
5699787697,0.5
1881464805,0.5
1132026812,0.5
992424278,0.5
5146703486,0.5
1899910714,0.5
5055614381,0.5
585271087,0.5
5158354610,0.5
1524292786,0.5
1536195683,0.5
588934859,0.5
7072993631,0.5
6294924672,0.5
1931694716,0.5
5336686969,0.5
6662119289,0.5
2046822259,0.5
2013892232,0.5
1426006859,0.5
1495573715,0.5
478483528,0.5
5766007246,0.5
5111593442,0.5
5077853154,0.5
1339271069,0.5
529935355,0.5
5976994770,0.5
1202998700,0.5
1472467920,0.5
6040795331,0.5
1323596228,0.5
1518034071,0.5
5815839353,0.5
1600537107,0.5
1506205168,0.5
7478703459,0.5
1477137481,0.5
1797387305,0.5
1554368203,0.5
1264610189,0.5
5963349362,0.5
5214985953,0.5
1304321669,0.5
7175184610,0.5
5015260026,0.5
1515036742,0.5
1766631835,0.5
6390243457,0.5
1696793935,0.5
5279264890,0.5
1780866291,0.5
5021710713,0.5
1489297730,0.5
1645226192,0.5
6448925445,0.5
5698373844,0.5
7177871756,0.5
7214939488,0.5
432916961,0.5
1834474915,0.5
1661612109,0.5
5124574543,0.5
1579233012,0.5
1521782869,0.5
6540774918,0.5
5000746502,0.5
5267328494,0.5
5235323452,0.5
905139704,0.5
1413561090,0.5
551334768,0.5
2130393528,0.5
1677432863,0.5
1589451080,0.5
1661653083,0.5
482258981,0.5
1513800240,0.5
722030749,0.5
1656602641,0.5
5935780511,0.5
1457410983,0.5
5114487060,0.5
5307695803,0.5
1863597413,0.5
2029699594,0.5
1284746520,0.5
1858928876,0.5
732347273,0.5
5369728905,0.5
6377112699,0.5
407552342,0.5
1866967183,0.5
970938949,0.5
5263677516,0.5
5750141889,0.5
869542965,0.5
5272755713,0.5
5315879632,0.5
1936137783,0.5
6750924374,0.5
1548812688,0.5
1483453142,0.5
798505989,0.5
1084873704,0.5
897547174,0.5
535293804,0.5
1620673400,0.5
1881918847,0.5
1058063506,0.5
6985663389,0.5
2009776029,0.5
1694132558,0.5
5369725590,0.5
768133763,0.5
6380268101,0.5
1035277408,0.5
5022460653,0.5
1355327892,0.5
5127699269,0.5
2081890208,0.5
5478226319,0.5
5566618114,0.5
1058651263,0.5
5816712056,0.5
6576931319,0.5
1202342372,0.5
5773801545,0.5
1464736095,0.5
5414339116,0.5
7305949624,0.5
5641523477,0.5
942100431,0.5
891537913,0.5
6736478566,0.5
6333892104,0.5
5760058803,0.5
7123034261,0.5
7228624323,0.5
1804594488,0.5
1294218459,0.5
1551171586,0.5
1868247278,0.5
5492981931,0.5
6826599885,0.5
324763879,0.5
1527428412,0.5
1462431277,0.5
7418874537,0.5
5337376689,0.5
7035967948,0.5
1280974192,0.5
1997405069,0.5
1007797083,0.5
5024807927,0.5
5039997971,0.5
207323764,0.5
1688086132,0.5
1992945850,0.5
5187401827,0.5
628060529,0.5
1811174645,0.5
570456244,0.5
1528859725,0.5
1516087438,0.5
1536296941,0.5
7100046004,0.5
5622560081,0.5
1131854422,0.5
1527017955,0.5
5912864253,0.5
611378043,0.5
5216769025,0.5
1247627648,0.5
5765514677,0.5
1318252322,0.5
6742253718,0.5
5988007060,0.5
1589454206,0.5
1594867983,0.5
1588798510,0.5
5440505885,0.5
298584557,0.5
5467142820,0.5
6138981494,0.5
6887047520,0.5
6302546877,0.5
1036067677,0.5
6695089661,0.5
130241999,0.5
1349726011,0.5
5807138922,0.5
5173545209,0.5
5162059044,0.5
5275819077,0.5
6678234495,0.5
919534157,0.5
1855862438,0.5
1039434791,0.5
5051337682,0.5
1685607497,0.5
1920943500,0.5
5448603141,0.5
5209693060,0.5
6745089839,0.5
6979193885,0.5
68711261,0.5
1733613183,0.5
5496937309,0.5
1126067073,0.5
824190618,0.5
6075069644,0.5
5180158902,0.5
1580618025,0.5
1459798160,0.5
1211251402,0.5
933425920,0.5
1477359655,0.5
5748112541,0.5
1548752987,0.5
1748464679,0.5
1545735023,0.5
5726800458,0.5
5386526664,0.5
1056276889,0.5
1903771659,0.5
1552206872,0.5
1557280189,0.5
1597379434,0.5
1551319995,0.5
6582782480,0.5
1695029145,0.5
6018832324,0.5
5380347994,0.5
906220327,0.5
5105168383,0.5
1551820843,0.5
1598505580,0.5
1167631214,0.5
575240594,0.5
1914438613,0.5
7366085853,0.5
1694546210,0.5
5223128956,0.5
5119513682,0.5
1575729906,0.5
6076730705,0.5
7314703867,0.5
2051814731,0.5
7129229753,0.5
1500648539,0.5
1531006400,0.5
6269979690,0.5
1209064362,0.5
745430308,0.5
1502906476,0.5
1618281880,0.5
5493590501,0.5
1552580837,0.5
1488083762,0.5
1520974806,0.5
1454376332,0.5
489820566,0.5
5138560608,0.5
5343065059,0.5
5294346508,0.5
2002288961,0.5
1504348076,0.5
607892655,0.5
1540074457,0.5
6055860821,0.5
1404897203,0.5
5239961230,0.5
807489791,0.5
1535427323,0.5
1557375474,0.5
1675470835,0.5
718655374,0.5
1475072507,0.5
1405616547,0.5
5200784321,0.5
1460353171,0.5
1502791177,0.5
1369327888,0.5
5323416456,0.5
5360714380,0.5
744250432,0.5
1475915964,0.5
1441713569,0.5
5213755095,0.5
945452682,0.5
6921987444,0.5
5057076705,0.5
7294188305,0.5
1597712634,0.5
1540605777,0.5
5299250851,0.5
1495269878,0.5
1510365074,0.5
1596980576,0.5
7576967233,0.5
830611958,0.5
8002242852,0.5
5431092964,0.5
1568874865,0.5
1513448620,0.5
8156948355,0.5
5652217016,0.5
1554507238,0.5
1581024036,0.5
5292197837,0.5
6038435408,0.5
1321690750,0.5
5143786460,0.5
6356958799,0.5
1527505369,0.5
1422481221,0.5
1619470508,0.5
2142952385,0.5
6053746533,0.5
1487923519,0.5
6046110330,0.5
1501177120,0.5
1145941298,0.5
8051438469,0.5
7165628049,0.5
5317372469,0.5
5143404423,0.5
5102308981,0.5
121649098,0.5
5136705078,0.5
1853336716,0.5
598544733,0.5
5505524660,0.5
385843877,0.5
1495953618,0.5
1470343509,0.5
1412355930,0.5
1535769212,0.5
827657662,0.5
5015927531,0.5
994968668,0.5
5265705520,0.5
7093100268,0.5
1572145447,0.5
1933536320,0.5
785630293,0.5
6216757271,0.5
1904715719,0.5
936254909,0.5
6458718131,0.5
1542272020,0.5
2139355792,0.5
5092021986,0.5
883003833,0.5
5855806363,0.5
5118019352,0.5
739161509,0.5
1082932966,0.5
5144928840,0.5
5149677954,0.5
1175769725,0.5
515030731,0.5
1642326526,0.5
1566115519,0.5
1558042528,0.5
6244940539,0.5
6698259553,0.5
7380554995,0.5
1925795004,0.5
1568568611,0.5
2043502889,0.5
1510033715,0.5
1150552049,0.5
6686265343,0.5
6777104786,0.5
7903465783,0.5
1571010663,0.5
760591814,0.5
1482917990,0.5
1367337877,0.5
1957558094,0.5
1120172960,0.5
5388806076,0.5
1957585394,0.5
1478656294,0.5
1596010091,0.5
1414279824,0.5
7077732156,0.5
789365540,0.5
1474742891,0.5
1536203847,0.5
1511335606,0.5
5145920420,0.5
1856697620,0.5
842685207,0.5
641715162,0.5
5192646376,0.5
5056628625,0.5
213985794,0.5
723220548,0.5
1126691734,0.5
6509604133,0.5
5997767715,0.5
6777872842,0.5
5087838340,0.5
1780691098,0.5
839259883,0.5
5854115588,0.5
5703926870,0.5
1584513565,0.5
1550520697,0.5
1311121625,0.5
1343691115,0.5
1509972533,0.5
1560109678,0.5
1420439102,0.5
1427527746,0.5
5116046224,0.5
7423627969,0.5
1402580276,0.5
7760927070,0.5
1085625603,0.5
5152054548,0.5
839876597,0.5
6253715839,0.5
1514023779,0.5
1555964984,0.5
390555466,0.5
5257152780,0.5
5782706063,0.5
5264096272,0.5
5905569095,0.5
704635708,0.5
6547955053,0.5
5533301156,0.5
660756389,0.5
1504668897,0.5
5643310451,0.5
1583526790,0.5
5044700579,0.5
1229505767,0.5
1878124864,0.5
1510154407,0.5
1052438797,0.5
6461553956,0.5
1151092698,0.5
1509709943,0.5
1639841150,0.5
654563648,0.5
7171058134,0.5
5187279856,0.5
1555066235,0.5
1541613458,0.5
5155824247,0.5
1544761541,0.5
7481585123,0.5
1724347926,0.5
1563426139,0.5
1560116755,0.5
1550946400,0.5
1825353800,0.5
1486016484,0.5
7131283480,0.5
1556204047,0.5
1582190376,0.5
1949887162,0.5
6867076570,0.5
1546539924,0.5
1580582999,0.5
1510077278,0.5
1583273994,0.5
1883448787,0.5
1329747744,0.5
1309266303,0.5
1574365706,0.5
CheLineTv,0.5
1422277054,0.5
1558510582,0.5
483899787,0.5
1569154466,0.5
1733335757,0.5
834246043,0.5
7097086505,0.5
713138224,0.5
5561037757,0.5
1435957343,0.5
714117573,0.5
331961527,0.5
1501615201,0.5
6436831493,0.5
5119269958,0.5
1849989523,0.5
1745542495,0.5
6150765308,0.5
1522766321,0.5
1587605739,0.5
1475586827,0.5
1576292344,0.5
1457694696,0.5
6258692871,0.5
5457800342,0.5
874379245,0.5
5463744417,0.5
995218967,0.5
1179987216,0.5
649834618,0.5
5995972305,0.5
7584772257,0.5
1492043667,0.5
5237343595,0.5
1572322231,0.5
2031186628,0.5
1585813145,0.5
1571247748,0.5
1155756153,0.5
5133221879,0.5
5348861625,0.5
1521311928,0.5
1515547915,0.5
1500302643,0.5
424373748,0.5
1616024116,0.5
1416302369,0.5
1506258546,0.5
1788123132,0.5
6636732123,0.5
1533914400,0.5
1525490343,0.5
1694283998,0.5
1441114805,0.5
5033957446,0.5
1641060735,0.5
5061289225,0.5
1570086221,0.5
1480782581,0.5
1576784126,0.5
659172621,0.5
613888381,0.5
7392929853,0.5
1565945945,0.5
1545689548,0.5
5052403438,0.5
1575308774,0.5
5255548598,0.5
1585218075,0.5
1275587729,0.5
6769066964,0.5
5464932707,0.5
866162134,0.5
1570227785,0.5
7197327397,0.5
343104069,0.5
1353036409,0.5
1629464617,0.5
1609460477,0.5
1503341492,0.5
5502354224,0.5
1596466398,0.5
1433215617,0.5
1535115350,0.5
1543910122,0.5
1903894207,0.5
594150690,0.5
1503579150,0.5
1266424841,0.5
1589130772,0.5
1358472145,0.5
6150381911,0.5
1737529500,0.5
1671845537,0.5
2003483612,0.5
6369564486,0.5
1661750078,0.5
1990589209,0.5
1596780535,0.5
1523863860,0.5
1586376815,0.5
1518650744,0.5
1448203272,0.5
1516637438,0.5
5080574994,0.5
1590500097,0.5
1373265989,0.5
1008489213,0.5
1442367261,0.5
804288738,0.5
1563263518,0.5
1563614273,0.5
1404157760,0.5
1513156652,0.5
1302141669,0.5
1543544026,0.5
1368426651,0.5
2100044894,0.5
1527589627,0.5
1554600858,0.5
1552297594,0.5
1403086123,0.5
6649264397,0.5
1555167565,0.5
1376749243,0.5
1669033455,0.5
1098461926,0.5
1501601784,0.5
1407723701,0.5
746388007,0.5
1549013464,0.5
5643354081,0.5
1531759656,0.5
5119794010,0.5
5057137054,0.5
1601817242,0.5
1556390917,0.5
5454064123,0.5
1508031886,0.5
1594674152,0.5
6149984865,0.5
1508797554,0.5
6004299626,0.5
1514328536,0.5
1531521274,0.5
1354268277,0.5
1612768409,0.5
1818766553,0.5
1897677371,0.5
1566535927,0.5
1936501884,0.5
5241142877,0.5
1542129571,0.5
1965387595,0.5
1392173924,0.5
5994699730,0.5
1716272532,0.5
1531326336,0.5
1431747949,0.5
1857264873,0.5
1106030015,0.5
1532886328,0.5
1732541901,0.5
1546823979,0.5
1576891648,0.5
1563995690,0.5
1679563557,0.5
1539634354,0.5
1522668325,0.5
1354159928,0.5
1571011138,0.5
1509633740,0.5
1506921442,0.5
516831279,0.5
1520037447,0.5
1914995793,0.5
7199366554,0.5
5467927980,0.5
1575108754,0.5
1681888290,0.5
1749911640,0.5
7008622591,0.5
1585420724,0.5
959212477,0.5
1564946008,0.5
1556611413,0.5
1692894405,0.5
1941566466,0.5
1901226263,0.5
5123033107,0.5
6410430965,0.5
1575304533,0.5
1922413078,0.5
2067454822,0.5
1583445692,0.5
6926312366,0.5
5873842014,0.5
1847544665,0.5
1332044906,0.5
1592923321,0.5
5741891925,0.5
1592346228,0.5
1597723581,0.5
1594512682,0.5
1155431433,0.5
1372432307,0.5
952881213,0.5
1789378742,0.5
2051569786,0.5
6883580122,0.5
6795844229,0.5
1536237173,0.5
1808188704,0.5
1468900512,0.5
1326138446,0.5
2014521245,0.5
1590087425,0.5
8024242645,0.5
5157393546,0.5
5032881829,0.5
1597330131,0.5
1598527394,0.5
1935723696,0.5
1529820124,0.5
1536497290,0.5
1498717205,0.5
1987938024,0.5
1929234427,0.5
1783297421,0.5
1334075729,0.5
1567364109,0.5
1580005983,0.5
509778801,0.5
1728657495,0.5
1268780226,0.5
5593049511,0.5
6197385198,0.5
1739984955,0.5
5346263731,0.5
1518391550,0.5
1678403807,0.5
2035921711,0.5
1979819747,0.5
6362500932,0.5
1855186097,0.5
1747655701,0.5
1566048058,0.5
1657960865,0.5
1438659013,0.5
1452013531,0.5
1466418635,0.5
1503500913,0.5
1504157396,0.5
7097990350,0.5
1541560703,0.5
1463677860,0.5
1385470065,0.5
1729320106,0.5
1593843416,0.5
1943992985,0.5
1433349488,0.5
1440918741,0.5
5128775030,0.5
1440777077,0.5
1495000591,0.5
1993744550,0.5
1557134028,0.5
1591165371,0.5
1651589075,0.5
6383714738,0.5
1525763478,0.5
916506108,0.5
1549847560,0.5
2105272833,0.5
1575522112,0.5
1458560680,0.5
7268359014,0.5
1587813791,0.5
1589235675,0.5
1688928930,0.5
1632512608,0.5
1608540763,0.5
1588996064,0.5
1396077074,0.5
6927794989,0.5
1513151197,0.5
1032339177,0.5
605660327,0.5
1660334415,0.5
1498791201,0.5
1499042406,0.5
1514176543,0.5
6022146857,0.5
1959528005,0.5
7816075752,0.5
1590951259,0.5
1663357398,0.5
1496160592,0.5
1529022159,0.5
1563062459,0.5
1505051302,0.5
1833516815,0.5
1681625159,0.5
1604388379,0.5
688181499,0.5
1542987924,0.5
1520758609,0.5
1516524497,0.5
1129290085,0.5
6791664476,0.5
1545863602,0.5
1527964061,0.5
5463539340,0.5
1683703962,0.5
814825907,0.5
1654581417,0.5
1569574301,0.5
1583440528,0.5
1592957687,0.5
1697708328,0.5
6359623628,0.5
1604483510,0.5
1302236112,0.5
5094672128,0.5
2121784435,0.5
5158925498,0.5
1046856217,0.5
811120931,0.5
1764214922,0.5
5265894082,0.5
1498013840,0.5
1518014018,0.5
7829180497,0.5
1147758584,0.5
1817409673,0.5
2024512215,0.5
1562076331,0.5
1814460163,0.5
717862607,0.5
1233851526,0.5
1440455957,0.5
1520029521,0.5
5214273359,0.5
1521542266,0.5
399325908,0.5
1438552880,0.5
5379119585,0.5
5022019656,0.5
1452323634,0.5
5564097807,0.5
2011462167,0.5
1586569656,0.5
1592748500,0.5
1368120842,0.5
5065725661,0.5
1507517847,0.5
1690305312,0.5
1498486684,0.5
1558636078,0.5
1686627773,0.5
6761916388,0.5
1495780131,0.5
1002278763,0.5
1887650873,0.5
1206679858,0.5
1942469339,0.5
1491127834,0.5
1543050339,0.5
1598211354,0.5
1663500097,0.5
1430058594,0.5
1692741226,0.5
5105835550,0.5
1599163698,0.5
6883760355,0.5
1591890473,0.5
1732355374,0.5
1412839960,0.5
1014017445,0.5
1939078268,0.5
1328693801,0.5
1664488612,0.5
1308323744,0.5
1578018827,0.5
6471378310,0.5
1551255454,0.5
1023905698,0.5
1739043248,0.5
1627714233,0.5
1430861237,0.5
1560324581,0.5
1405395747,0.5
1483872040,0.5
1578414679,0.5
1149874843,0.5
1250071897,0.5
1246578362,0.5
6876383177,0.5
1548397876,0.5
1408247944,0.5
1590847514,0.5
1625164318,0.5
1413005797,0.5
1806776377,0.5
2031935886,0.5
1574451092,0.5
1702818996,0.5
850794874,0.5
6314914013,0.5
6034925748,0.5
1564003180,0.5
8174407279,0.5
1548934097,0.5
2068709551,0.5
1632896937,0.5
1401582524,0.5
1431850117,0.5
5082457913,0.5
1682130071,0.5
1872831406,0.5
1703772898,0.5
1594568882,0.5
1525791831,0.5
1414505059,0.5
1572238108,0.5
1736579310,0.5
767874517,0.5
2023467953,0.5
5610279673,0.5
503850128,0.5
5147546272,0.5
1557898609,0.5
2038978729,0.5
2130080618,0.5
1499549366,0.5
1934823375,0.5
1585349871,0.5
1555932283,0.5
1572774410,0.5
5183596070,0.5
1394604625,0.5
1577679832,0.5
1559643848,0.5
5568136960,0.5
1574523041,0.5
6513750558,0.5
1527087882,0.5
1486927915,0.5
37855897,0.5
1520291399,0.5
2025069617,0.5
5938949943,0.5
1304067155,0.5
1840517796,0.5
1524663599,0.5
1218725981,0.5
1750517530,0.5
1512513188,0.5
1836361221,0.5
1925054793,0.5
1517709640,0.5
6172581546,0.5
1782519171,0.5
1531551565,0.5
1986591135,0.5
1522690736,0.5
1483964954,0.5
5414180230,0.5
1595588714,0.5
1446965065,0.5
6221083771,0.5
1564546176,0.5
5734273637,0.5
533620030,0.5
1636180469,0.5
1513753586,0.5
7004193023,0.5
1557162638,0.5
1382867676,0.5
1587056075,0.5
1601804467,0.5
1441434298,0.5
6152317256,0.5
1689883175,0.5
6753683143,0.5
1845469610,0.5
1325020965,0.5
1610219330,0.5
1978416732,0.5
6732011047,0.5
5879395859,0.5
1635708518,0.5
1553129032,0.5
490177791,0.5
5214170719,0.5
1559024338,0.5
853538132,0.5
6940300201,0.5
1594360521,0.5
1572823008,0.5
7542662818,0.5
1596396382,0.5
7488343266,0.5
6002938161,0.5
5192359499,0.5
6682958733,0.5
1604557388,0.5
1539517755,0.5
1164955043,0.5
7492903883,0.5
1579056461,0.5
1516710700,0.5
958451911,0.5
7753152685,0.5
1865138910,0.5
5994551322,0.5
1521341942,0.5
5817566545,0.5
1530327025,0.5
1524033336,0.5
6268109858,0.5
1560930522,0.5
1402522592,0.5
1496834304,0.5
7597798076,0.5
1507455812,0.5
6674507258,0.5
1645760816,0.5
1313461434,0.5
1505171489,0.5
1570045121,0.5
1656926080,0.5
1540743204,0.5
1354486410,0.5
1689309287,0.5
1612841286,0.5
1850980647,0.5
1584089272,0.5
7168352968,0.5
1572295213,0.5
920887566,0.5
870390575,0.5
1113362725,0.5
1518647171,0.5
1475993621,0.5
1540066744,0.5
1507321699,0.5
2015299341,0.5
1583039966,0.5
5178472630,0.5
1591507576,0.5
7199544123,0.5
1466628726,0.5
1669479986,0.5
6023877195,0.5
1529791404,0.5
1052981412,0.5
1590158989,0.5
1850949285,0.5
1674453480,0.5
5262261747,0.5
7115357975,0.5
1593979857,0.5
1410278754,0.5
1513897032,0.5
1020719696,0.5
1565710675,0.5
1459103508,0.5
1008080143,0.5
5556318526,0.5
1016879353,0.5
1417995594,0.5
1534791401,0.5
459588125,0.5
1956955625,0.5
1578733406,0.5
1562386533,0.5
1515772318,0.5
1510069421,0.5
1578732807,0.5
1533693475,0.5
1748190333,0.5
1738037385,0.5
1570614456,0.5
7512301760,0.5
1557141030,0.5
7724811142,0.5
1160633848,0.5
1430569805,0.5
6118197065,0.5
1581826983,0.5
1465398051,0.5
1824399164,0.5
1223493275,0.5
1679911275,0.5
1735577807,0.5
1501645311,0.5
5266262980,0.5
5245580748,0.5
7205782814,0.5
5536636056,0.5
5127898821,0.5
1202686801,0.5
2018065123,0.5
7638605891,0.5
2008619446,0.5
1586887854,0.5
1935810856,0.5
1578870100,0.5
2079877112,0.5
7253240579,0.5
1680301404,0.5
1551599668,0.5
1240672587,0.5
1394235366,0.5
1589732142,0.5
1575853940,0.5
1746029196,0.5
1762725984,0.5
1565061918,0.5
273242751,0.5
5508736666,0.5
1559416005,0.5
1431670165,0.5
1597114059,0.5
5746145319,0.5
1575582783,0.5
6436248100,0.5
1949668523,0.5
1568936825,0.5
1958819381,0.5
2029316426,0.5
1590011396,0.5
1575912734,0.5
1681116970,0.5
574558399,0.5
6914648605,0.5
1590652899,0.5
323978222,0.5
1893305812,0.5
1176608791,0.5
1539238787,0.5
1953330601,0.5
1400160171,0.5
1075259526,0.5
494458978,0.5
1816228050,0.5
1921344098,0.5
1527586498,0.5
1511997430,0.5
1595796115,0.5
1461120555,0.5
1576744784,0.5
1445666536,0.5
534663469,0.5
5007641827,0.5
1509303999,0.5
6264290674,0.5
1525295831,0.5
2142404050,0.5
1261735672,0.5
5025624716,0.5
1471497469,0.5
5179093439,0.5
1143394644,0.5
1532251555,0.5
6254053740,0.5
1446698653,0.5
5086402522,0.5
Not_On_The_Beeb,0.4968653915265743
candlesinthenight,0.485953298422422
ArrestsIndictmentsJustice,0.4855891988244929
WeTheMedia,0.4851082363407221
CharlieKirk,0.48454892505525415
PearFEED,0.4800984955811914
thepeoplesaudit,0.480007544322897
1507489346,0.2725952599380878
1873249634,0.27117602338026503
6276621290,0.27117602338026503
1955482365,0.270453971445409
1499353765,0.270453971445409
1572779712,0.2674545020207782
1403199163,0.2584627453066
1594722788,0.25819929966170097
1409644405,0.25778500822266626
1563720015,0.25758455266651986
1558601736,0.2566982073380611
1575249891,0.25610780656652216
5227096958,0.25610780656652216
5804132428,0.25610780656652216
1548347828,0.25569455054749174
1508453288,0.2553681030068962
1577119918,0.2545295437664944
1502021021,0.2539639871282423
1020729874,0.2539639871282423
1568291108,0.2539349098435494
1537040949,0.2539349098435494
1567979509,0.2539349098435494
1537177321,0.2539349098435494
5130650847,0.2539349098435494
1487004123,0.2533320632501429
1550520627,0.2533320632501429
1626473852,0.2528939286557997
6302787238,0.2528939286557997
1524959566,0.2528939286557997
1509439662,0.2528939286557997
1552335208,0.25279051850790124
1525428716,0.25279051850790124
7323190550,0.25279051850790124
1650955617,0.25279051850790124
1539043415,0.25212642179381733
1436342696,0.25212642179381733
1588168549,0.25212642179381733
1520230902,0.2510946888273834
1614174521,0.17620002489862702
609517172,0.16941085287778568
average_clustering,0.4960067016608387
