Node,Degree,Betweenness,Closeness,Authority,Eigenvector
realKarliBonne,3630,0.0,0.10804536119296365,0.45323362938353146,0.5851091814895134
Qrashthematrix,2499,0.0,0.0743816412179659,0.0582611276436579,0.40281015589563895
BannonWarRoom,2042,0.0,0.060779236241331074,0.10528460254839248,0.3291490995769968
epochtimes,1612,0.0,0.04798047444712326,0.03543193685535155,0.25984000938659046
Jack_Posobiec,1594,0.0,0.047444712325505255,0.06440675738197649,0.25693869863443386
nationalpulse,1408,0.0,0.041908503735452574,0.013864286856966081,0.2269584875288476
veryreasonable,870,0.0,0.025895169211536746,0.019905538380694438,0.14024153282549154
followsthewhiterabbit,858,0.0,0.02553799446379141,0.017646852497951587,0.1383073256573869
pjwnews,734,0.0,0.021847188737089622,0.004055574200446798,0.11832051825363456
lifesitetelegram,684,0.0,0.02035896062148406,0.0023999725356546216,0.1102613217198647
NTDNews,649,0.0,0.019317200940560168,0.010363354866427619,0.10461988414622515
TraditionalBritainGroup,628,0.0,0.018692145132005834,0.0005849993689134433,0.10123502160204195
robinmg,600,0.0,0.01785873738726672,0.0017682228460145946,0.09672187154313115
QNewsOfficialTV,562,0.0,0.016727684019406493,0.0068886096191307,0.0905968821774667
redpillpharmacist,550,0.0,0.01637050927166116,0.017072615897694064,0.08866267500936223
ByobluOfficial,484,0.0,0.01440604815906182,4.495128617565529e-07,0.07802453558478752
RedPillDealer4833,462,0.0,0.013751227788195375,0.008808877648719578,0.07447848910992926
infowarslive,429,0.0,0.012768997231895705,0.00358774695506068,0.06915941939764189
realKariLake,421,0.0,0.012530880733398815,0.00618804474003874,0.0678699479522389
dotconnectinganons,410,0.0,0.012203470547965592,0.013947297560415812,0.06609692471480977
ArrestsIndictmentsJustice,371,0.0,0.011042652617793256,0.01008177369361083,0.05981075141847138
stormypatriotjoe21,368,0.0,0.010953358930856921,0.010196300256097164,0.05932719962644548
joeoltmann,363,0.0,0.010804536119296366,0.007046731730483197,0.05852127997306894
theprofessorsrecord,362,0.0,0.010774771556984255,0.010416895240021257,0.05836009604239365
CheLineTv,351,0.0,0.010447361371551032,2.949445823485805e-18,0.05658707280496508
Not_On_The_Beeb,300,0.0,0.00892936869363336,0.0007299859463661177,0.048366692340521496
candlesinthenight,300,0.0,0.00892936869363336,0.00706968118272882,0.048366692340521496
PatriotVoiceOfficial,296,0.0,0.008810310444384916,0.006412311317966674,0.04772195661781996
Vigilant_News,296,0.0,0.008810310444384916,0.004884863009351365,0.04772195661781996
WeTheMedia,281,0.0,0.008363842009703247,0.008199237883387927,0.045304197657689185
WWG1WGAWORLDWIDE,278,0.0,0.008274548322766914,3.1031765939999164e-05,0.044820645865663034
CharlieKirk,253,0.0,0.007530434264964134,0.0060944903265872374,0.0407910475987784
PatriotArmy,240,0.0,0.007143494954906688,0.0017978917593551033,0.038695656499998364
CheckMateNews,233,0.0,0.00693514301872191,3.372892976095534e-06,0.03756736898527065
thepeoplesaudit,200,0.0,0.00595291246242224,0.0041997645701672545,0.03224829927298287
NevsChannel,195,0.0,0.005804089650861684,0.005996656517314427,0.031442379619605935
AussieCossack,194,0.0,0.0057743250885495725,0.0002509133547250218,0.03128119568893054
PearFEED,194,0.0,0.0057743250885495725,0.004464327956023588,0.03128119568893054
pravdaGerashchenko_en,188,0.0,0.005595737714676905,0.00010171638014023418,0.030314092104877927
quantin_vic,185,0.0,0.005506444027740572,4.76050904843323e-18,0.029830540312851598
australiaforfreedom,184,0.0,0.0054766794654284605,0.00012889823747025278,0.029669356382176153
ENDHUMANTRAFFICKING,179,0.0,0.005327856653867905,0.0018723635345261483,0.02886343672879895
morrakiu,179,0.0,0.005327856653867905,4.7264863155502145e-05,0.02886343672879895
EastApp,177,0.0,0.0052683275292436825,4.786365041852013e-05,0.02854106886744812
covid19vaccinevictims,177,0.0,0.0052683275292436825,0.0005495578052522316,0.02854106886744812
EurasianChoice,165,0.0,0.004911152781498348,7.735779151114735e-05,0.026606861699343346
informationliberation,165,0.0,0.004911152781498348,0.00024403601390642554,0.026606861699343346
westcoast_intel,158,0.0,0.00470280084531357,0.0014917074157349192,0.02547857418461565
TruthHammer,157,0.0,0.004673036283001458,0.006110907326608355,0.025317390253940267
piratejohn1,155,0.0,0.004613507158377236,0.0005787808620952459,0.0249950223925895
DoctorQsBoomBox,150,0.0,0.00446468434681668,0.0019037852749700442,0.024189102739212598
HOTWisconsin,150,0.0,0.00446468434681668,0.0011204324225083603,0.024189102739212598
linuxgram,142,0.0,0.004226567848319791,4.526990562561532e-05,0.022899631293809543
didyouknow_ink,137,0.0,0.004077745036759234,0.0004196791332979483,0.022093711640432633
blognot,135,0.0,0.004018215912135012,2.706908236400846e-14,0.021771343779081867
loomeredofficial,132,0.0,0.003928922225198679,0.002944508713156397,0.021287791987055722
bestimeline,132,0.0,0.003928922225198679,7.268547745054685e-08,0.021287791987055722
Fighting4_AZ,128,0.0,0.0038098639759502335,0.0021172693814295513,0.020643056264354195
RA_Ludwig,126,0.0,0.003750334851326011,4.843604390459598e-07,0.020320688403003436
DismantlingTheCabal,124,0.0,0.0036908057267017887,0.0002623535747512054,0.019998320541652674
QuebecReveille,122,0.0,0.0036312766020775663,5.7115966147268564e-05,0.01967595268030191
GAelectionaudit,121,0.0,0.003601512039765455,0.003210107122690283,0.019514768749626522
OffgridiIreland,119,0.0,0.0035419829151412327,8.167634072376429e-06,0.01919240088827576
AltSkull48,116,0.0,0.003452689228204899,0.0004215834077142728,0.01870884909624962
staatsversagen,115,0.0,0.003422924665892788,1.1806871829227124e-06,0.018547665165574233
TheWashingtonPundit,109,0.0,0.0032443372920201207,0.003269317590278121,0.017580561581521947
ALoneRaccoon,109,0.0,0.0032443372920201207,0.001961757743620757,0.017580561581521947
utahfreedomcoalition,107,0.0,0.0031848081673958983,0.0005665179141398506,0.017258193720171185
erinhealthnutnews,106,0.0,0.003155043605083787,0.0001827125883703919,0.017097009789495802
PepeMatter,105,0.0,0.003125279042771676,0.0024038359013158006,0.01693582585882042
UnityNewsNetwork,104,0.0,0.0030955144804595647,0.00032447997186802217,0.016774641928145036
bleibtstark,102,0.0,0.0030359853558353423,3.672138100829591e-08,0.01645227406679427
MichaelJLindell,100,0.0,0.00297645623121112,0.0009354502662023332,0.01612990620544351
usvoterfraud,97,0.0,0.0028871625442747862,0.0001873604517717931,0.015646354413417364
MurderTheMedia,97,0.0,0.0028871625442747862,0.0004734515085306707,0.015646354413417364
internationalreporters,95,0.0,0.002827633419650564,1.5405518616579586e-08,0.01532398655206661
womanhate,84,0.0,0.002500223234217341,0.000221054409700595,0.013550963314637388
whitelaborstrikeww,84,0.0,0.002500223234217341,0.00018138471703370038,0.013550963314637388
studentsagainsttyrannyofficial,76,0.0,0.0022621067357204514,0.0005937464990263711,0.012261491869234331
WokeSocieties,76,0.0,0.0022621067357204514,0.0014601819063913483,0.012261491869234331
naomiseibt,74,0.0,0.002202577611096229,1.089073816690815e-06,0.01193912400788357
MadisonCawthorn,74,0.0,0.002202577611096229,0.0007133917216432897,0.01193912400788357
Owen_Shroyer,74,0.0,0.002202577611096229,0.0004878988520067974,0.01193912400788357
Damhistory,72,0.0,0.0021430484864720066,4.1980022919392653e-10,0.011616756146532806
ThePrisonersRecord,71,0.0,0.0021132839241598954,0.0013263314980399086,0.011455572215857425
NewMexicoAuditForce,70,0.0,0.002083519361847784,0.0007673190771491233,0.011294388285182044
madTparty,69,0.0,0.002053754799535673,0.00019271094359558718,0.011133204354506664
markacollett,69,0.0,0.002053754799535673,0.0001379690177259807,0.011133204354506664
WorldWarNowTele,68,0.0,0.002023990237223562,2.1082830826826783e-05,0.010972020423831282
prowhitefam2,68,0.0,0.002023990237223562,0.00015614880810874493,0.010972020423831282
ourwarstoday,67,0.0,0.0019942256749114506,1.566064802967407e-07,0.010810836493155899
techcrimes,65,0.0,0.001934696550287228,8.892272243456761e-05,0.010488468631805139
FuryRoad_Intel,64,0.0,0.0019049319879751168,0.000622093640687206,0.010327284701129756
HuxDeluxe,64,0.0,0.0019049319879751168,2.9986946554937442e-05,0.010327284701129756
ntvnews,64,0.0,0.0019049319879751168,-1.0762890022544693e-17,0.010327284701129756
Brandenburg4MI,62,0.0,0.0018454028633508944,0.00028161464536430314,0.010004916839778994
EternalMuscovite,62,0.0,0.0018454028633508944,1.087030324869008e-05,0.010004916839778994
TheBlazeTV,60,0.0,0.001785873738726672,0.00047009166680606117,0.009682548978428232
Blazenherb,59,0.0,0.0017561091764145607,0.0010655257405304188,0.009521365047752852
findyourfriendspei,59,0.0,0.0017561091764145607,8.560362534324778e-06,0.009521365047752852
TheParanormiesPresent,58,0.0,0.0017263446141024495,4.565895683682533e-05,0.00936018111707747
freestatecolorado,57,0.0,0.0016965800517903383,0.0005791389795327205,0.009198997186402092
lauratowler,57,0.0,0.0016965800517903383,3.311039802726381e-05,0.009198997186402092
TeslaStockWatch,57,0.0,0.0016965800517903383,8.872085557212784e-05,0.009198997186402092
TEXASvsUSA,57,0.0,0.0016965800517903383,0.0010507811514353636,0.009198997186402092
TheHighWire,55,0.0,0.001637050927166116,0.00026387655888429303,0.008876629325051332
AmericasAuditForce,54,0.0,0.0016072863648540047,0.0006892030576905884,0.008715445394375949
ResistingThyLies,54,0.0,0.0016072863648540047,9.266996232711798e-06,0.008715445394375949
SGTnewsNetwork,53,0.0,0.0015775218025418935,0.001313390456413363,0.008554261463700568
VoiceOfWales,52,0.0,0.0015477572402297823,5.7783573205403334e-05,0.00839307753302519
ElectionFraud20_org,51,0.0,0.0015179926779176711,0.0013025751029603855,0.008231893602349808
BrittRepublican,51,0.0,0.0015179926779176711,0.000843444130917054,0.008231893602349808
leohohmann,50,0.0,0.00148822811560556,0.00017106177866081144,0.008070709671674428
SpecialQForces,48,0.0,0.0014286989909813375,0.0010497494407387589,0.00774834181032367
mgshowchannel,47,0.0,0.0013989344286692263,0.0010950351690158298,0.007587157879648292
SSG_Cue,47,0.0,0.0013989344286692263,0.0014521313089009096,0.007587157879648292
MDeLaBrox,46,0.0,0.0013691698663571151,7.118330949240016e-06,0.007425973948972914
eltern_stehen_auf,46,0.0,0.0013691698663571151,9.163289047081547e-09,0.007425973948972914
Airstrip1news,45,0.0,0.001339405304045004,0.00019500127218999161,0.007264790018297538
coronadatencheck,45,0.0,0.001339405304045004,4.139573085594113e-18,0.007264790018297538
yzheleznyak,45,0.0,0.001339405304045004,5.381445011272346e-18,0.007264790018297538
canalartedaguerra,44,0.0,0.001309640741732893,5.380050677700497e-08,0.007103606087622152
CyberspecNews,43,0.0,0.0012798761794207817,3.890260103179299e-06,0.006942422156946774
agentsoftruth,43,0.0,0.0012798761794207817,0.0002071643785776459,0.006942422156946774
ConservativeDaily,43,0.0,0.0012798761794207817,0.00022587929144231623,0.006942422156946774
GeneralFlynnExposed,42,0.0,0.0012501116171086705,0.00034592769093937656,0.006781238226271393
the_Right_People,42,0.0,0.0012501116171086705,1.798553203913516e-05,0.006781238226271393
two_majors,41,0.0,0.0012203470547965593,0.0001244132101569856,0.006620054295596013
eastcoast_intel,41,0.0,0.0012203470547965593,0.00044644457163124364,0.006620054295596013
yuriwarnedus,41,0.0,0.0012203470547965593,0.00011923453066203123,0.006620054295596013
angrysaffron,40,0.0,0.0011905824924844481,-3.932594431314407e-18,0.006458870364920634
Davidscave,40,0.0,0.0011905824924844481,0.00010449104952589547,0.006458870364920634
ViroLIEgy,40,0.0,0.0011905824924844481,1.8831160101793676e-05,0.006458870364920634
ilfrittomisto,40,0.0,0.0011905824924844481,9.49828163712573e-06,0.006458870364920634
shadowman_311,38,0.0,0.0011310533678602257,5.65169499757374e-07,0.006136502503569871
UkPatriotsForFreedom,37,0.0,0.0011012888055481145,0.00031191631406767635,0.00597531857289449
manniefabian,37,0.0,0.0011012888055481145,3.110752271769452e-05,0.00597531857289449
pond_of_Slime,36,0.0,0.0010715242432360033,-4.967487702712936e-18,0.00581413464221911
thevoiduk,35,0.0,0.001041759680923892,1.4686878661316642e-05,0.005652950711543728
ArizonaRedRoots,35,0.0,0.001041759680923892,0.0006697280739964168,0.005652950711543728
midwest_intel,35,0.0,0.001041759680923892,8.003172090650278e-05,0.005652950711543728
VoterApathyParty01,35,0.0,0.001041759680923892,8.163898326496931e-07,0.005652950711543728
alexmakus,35,0.0,0.001041759680923892,2.482437588371443e-11,0.005652950711543728
stewpeters,34,0.0,0.001011995118611781,0.0003728935073701733,0.005491766780868347
chinaposter,34,0.0,0.001011995118611781,-1.4074548491019982e-17,0.005491766780868347
unwashed2020,34,0.0,0.001011995118611781,0.00013806717377811073,0.005491766780868347
jeffrey_peterson,33,0.0,0.0009822305562996697,0.00033262647321935767,0.005330582850192966
TheAustraliaProject,33,0.0,0.0009822305562996697,9.815299907942976e-06,0.005330582850192966
awakened_144000,32,0.0,0.0009524659939875584,9.959583911853597e-05,0.005169398919517584
ArizonaAuditLiveFeeds,32,0.0,0.0009524659939875584,0.0005586354826200823,0.005169398919517584
Cat_The_Great,32,0.0,0.0009524659939875584,0.0009789650782512573,0.005169398919517584
trooper_channel,32,0.0,0.0009524659939875584,0.0003027438689492482,0.005169398919517584
trumprepublicans,32,0.0,0.0009524659939875584,0.00046401809212592095,0.005169398919517584
FaireTesRecherches,32,0.0,0.0009524659939875584,3.622126449894848e-19,0.005169398919517584
mehrnews,32,0.0,0.0009524659939875584,-1.4902463108138806e-17,0.005169398919517584
worldwire,31,0.0,0.0009227014316754472,2.371324217762292e-05,0.005008214988842202
felixrex,31,0.0,0.0009227014316754472,0.00014855625646369543,0.005008214988842202
NOZTLITALIA,31,0.0,0.0009227014316754472,2.3840496703329816e-10,0.005008214988842202
pbfcks,30,0.0,0.000892936869363336,2.3155881155390743e-06,0.004847031058166821
randomanonch1,30,0.0,0.000892936869363336,0.00014386055443874426,0.004847031058166821
dolgarevaanna,29,0.0,0.0008631723070512248,-1.0762890022544693e-17,0.00468584712749144
nixjeelvy,27,0.0,0.0008036431824270024,5.609473780245098e-06,0.004363479266140678
stayfreeworld,27,0.0,0.0008036431824270024,-1.9662972156572035e-18,0.004363479266140678
turingpont,27,0.0,0.0008036431824270024,1.935979363244691e-05,0.004363479266140678
ButusovPlus,27,0.0,0.0008036431824270024,-1.1590804639663514e-17,0.004363479266140678
VictoryDrones2023,27,0.0,0.0008036431824270024,-1.6558292342376451e-18,0.004363479266140678
PrivSecGoy,26,0.0,0.0007738786201148912,0.00015304883668546896,0.004202295335465296
Demotermine,26,0.0,0.0007738786201148912,-1.9662972156572035e-18,0.004202295335465296
UncleSamsNYPBs,26,0.0,0.0007738786201148912,4.660144984041893e-07,0.004202295335465296
ElectionEducation,25,0.0,0.00074411405780278,0.0012012663059630284,0.004041111404789916
wethepatriotsusa,25,0.0,0.00074411405780278,0.00016709883162735714,0.004041111404789916
WARPIGmemes,25,0.0,0.00074411405780278,0.00015317455215379874,0.004041111404789916
GBBNews23,25,0.0,0.00074411405780278,3.028142393634338e-05,0.004041111404789916
kedr2earth,25,0.0,0.00074411405780278,3.3116584684752902e-18,0.004041111404789916
OstanniyCapitalist,25,0.0,0.00074411405780278,-6.6233169369505805e-18,0.004041111404789916
madam_secretar,25,0.0,0.00074411405780278,1.9662972156572035e-18,0.004041111404789916
AFPP_US,24,0.0,0.0007143494954906688,0.00023066178723139385,0.003879927474114534
COMBAT_FOOTAGE,24,0.0,0.0007143494954906688,2.0093965496424643e-05,0.003879927474114534
thexyztelegram,24,0.0,0.0007143494954906688,7.04737478125126e-06,0.003879927474114534
exposingthelies,24,0.0,0.0007143494954906688,0.00013162526270308475,0.003879927474114534
Mrswilkesmythvsreality,24,0.0,0.0007143494954906688,0.00012368985127043865,0.003879927474114534
deutschlandstehtauf,24,0.0,0.0007143494954906688,1.2931452144994566e-06,0.003879927474114534
critpunk,24,0.0,0.0007143494954906688,-1.241871925678234e-18,0.003879927474114534
blacklistedresearch,23,0.0,0.0006845849331785576,8.951089700399696e-05,0.00371874354343915
politische_bildersprueche,23,0.0,0.0006845849331785576,8.7901085764839e-05,0.00371874354343915
Axe_de_la_Resistance,23,0.0,0.0006845849331785576,-3.5186371227549955e-18,0.00371874354343915
zoonovosti,23,0.0,0.0006845849331785576,3.5186371227549955e-18,0.00371874354343915
australianchristianfascists,22,0.0,0.0006548203708664465,9.237734187393377e-05,0.0035575596127637677
sadefenza,22,0.0,0.0006548203708664465,-1.1590804639663514e-17,0.0035575596127637677
RakshaDemography,22,0.0,0.0006548203708664465,-7.865188862628814e-18,0.0035575596127637677
vaccinechoiceaustralia,21,0.0,0.0006250558085543353,3.011995129055245e-05,0.0033963756820883854
DineshJDSouza,21,0.0,0.0006250558085543353,0.0001477274868498155,0.0033963756820883854
yaroslavivval,21,0.0,0.0006250558085543353,-2.2767651970767618e-18,0.0033963756820883854
JennyBethM,20,0.0,0.0005952912462422241,3.7924949317627544e-05,0.0032351917514130044
TheTrumpist,20,0.0,0.0005952912462422241,0.00029982459717444067,0.0032351917514130044
thetruegoldenage,20,0.0,0.0005952912462422241,4.5535303941535236e-18,0.0032351917514130044
GeoChem,20,0.0,0.0005952912462422241,1.5702469853775e-05,0.0032351917514130044
uncut_news,20,0.0,0.0005952912462422241,6.64827845457246e-08,0.0032351917514130044
Chrisyapinementpasofficiel,20,0.0,0.0005952912462422241,7.865188862628814e-18,0.0032351917514130044
covidvaxinjury,19,0.0,0.0005655266839301129,0.0002185509212416997,0.003074007820737623
threepn2,19,0.0,0.0005655266839301129,2.3502425055077974e-07,0.003074007820737623
sitreports,19,0.0,0.0005655266839301129,1.1966204521713458e-06,0.003074007820737623
rtnews,18,0.0,0.0005357621216180017,1.0566609521623922e-05,0.002912823890062243
levangudadzeopinion,18,0.0,0.0005357621216180017,9.89590944148418e-06,0.002912823890062243
EnochsNewsBlast,18,0.0,0.0005357621216180017,0.0003157260139382587,0.002912823890062243
Osiride1,18,0.0,0.0005357621216180017,1.1877734180603768e-10,0.002912823890062243
AuditWINews,17,0.0,0.0005059975593058904,0.00012484614189379556,0.002751639959386862
southafricanminorityunion,17,0.0,0.0005059975593058904,2.6596689985460714e-07,0.002751639959386862
PatrioticAlternativeOfficial,17,0.0,0.0005059975593058904,4.130888389799248e-06,0.002751639959386862
FollowTheData,17,0.0,0.0005059975593058904,0.00013338415531458607,0.002751639959386862
anna_news,17,0.0,0.0005059975593058904,-5.795402319831757e-18,0.002751639959386862
NSM88AusNz,16,0.0,0.0004762329969937792,5.61834728470424e-07,0.0025904560287114803
rockymountain_intel,16,0.0,0.0004762329969937792,0.0002424350454921781,0.0025904560287114803
PatrioticChris,16,0.0,0.0004762329969937792,1.883464328885466e-05,0.0025904560287114803
indianhate,16,0.0,0.0004762329969937792,5.993764445079729e-07,0.0025904560287114803
saintharrison,16,0.0,0.0004762329969937792,6.198668071861699e-06,0.0025904560287114803
MoskRussia,16,0.0,0.0004762329969937792,5.174466356992641e-19,0.0025904560287114803
joeygilbertinc,16,0.0,0.0004762329969937792,3.9395411737919834e-07,0.0025904560287114803
vdobrasil,16,0.0,0.0004762329969937792,3.555405224858551e-11,0.0025904560287114803
BerezaJuice,16,0.0,0.0004762329969937792,-2.690722505636173e-18,0.0025904560287114803
EgountchiBehanzinOfficiel,16,0.0,0.0004762329969937792,-7.76169953548896e-19,0.0025904560287114803
AmishPill,15,0.0,0.000446468434681668,6.944911290406919e-06,0.0024292720980360993
eckvillefacts,15,0.0,0.000446468434681668,2.207462348867298e-07,0.0024292720980360993
tennesseeneighborsforliberty,15,0.0,0.000446468434681668,1.2304012183329294e-10,0.0024292720980360993
RealTyphus,15,0.0,0.000446468434681668,2.777853962156498e-06,0.0024292720980360993
GurkenpaulesEinflugschneise,15,0.0,0.000446468434681668,-1.6558292342376451e-18,0.0024292720980360993
RSN04,15,0.0,0.000446468434681668,0.00028560564430698854,0.0024292720980360993
piratepartyru,15,0.0,0.000446468434681668,-5.6919129926919045e-19,0.0024292720980360993
unshacklethemitten,15,0.0,0.000446468434681668,-1.1383825985383809e-18,0.0024292720980360993
anchabaranova,15,0.0,0.000446468434681668,-4.967487702712936e-18,0.0024292720980360993
covid19negativereactions,14,0.0,0.0004167038723695568,1.1543929760349016e-05,0.0022680881673607187
NoVaccineCoercion,14,0.0,0.0004167038723695568,8.402106922989817e-06,0.0022680881673607187
lucindaribeiro_pt,14,0.0,0.0004167038723695568,9.985985372001808e-06,0.0022680881673607187
ausmed51,14,0.0,0.0004167038723695568,2.490443160779549e-07,0.0022680881673607187
InfoGeoLiveNews,14,0.0,0.0004167038723695568,2.483743851356468e-18,0.0022680881673607187
Ukraine_Russland_Krieg_2022,14,0.0,0.0004167038723695568,7.76169953548896e-19,0.0022680881673607187
joinRESISTANCEChannel,14,0.0,0.0004167038723695568,-3.3116584684752902e-18,0.0022680881673607187
NazBol,14,0.0,0.0004167038723695568,3.6417844486117885e-08,0.0022680881673607187
Chossingston,14,0.0,0.0004167038723695568,1.3462541065740285e-07,0.0022680881673607187
s4illimati,14,0.0,0.0004167038723695568,-4.5535303941535236e-18,0.0022680881673607187
Kharkov_Perviy,14,0.0,0.0004167038723695568,5.381445011272346e-18,0.0022680881673607187
theambermayshow,13,0.0,0.0003869393100574456,3.158316267292677e-05,0.0021069042366853377
auditthevotepa,13,0.0,0.0003869393100574456,0.00012397728445308397,0.0021069042366853377
CASADELSOLETV,13,0.0,0.0003869393100574456,2.5872331784963205e-20,0.0021069042366853377
intelligenceforthepeople,13,0.0,0.0003869393100574456,9.35002857601031e-06,0.0021069042366853377
bubbakate2,13,0.0,0.0003869393100574456,1.262450524744832e-06,0.0021069042366853377
vinniesanders,13,0.0,0.0003869393100574456,-5.381445011272346e-18,0.0021069042366853377
News4AChange,12,0.0,0.0003571747477453344,5.415428898166482e-05,0.0019457203060099565
OffTheGridOfficial,12,0.0,0.0003571747477453344,5.238376577284118e-05,0.0019457203060099565
patriotforceca,12,0.0,0.0003571747477453344,0.0001327566858341786,0.0019457203060099565
GaleDribblesHouseofWaxPolitics,12,0.0,0.0003571747477453344,4.152147699227699e-07,0.0019457203060099565
GeorgiaAudit,12,0.0,0.0003571747477453344,4.5221970231248194e-05,0.0019457203060099565
Richardcitizenjournalists,12,0.0,0.0003571747477453344,1.7235404894326353e-05,0.0019457203060099565
russlandsdeutsche,12,0.0,0.0003571747477453344,4.657019721293377e-19,0.0019457203060099565
nikastrizhak,12,0.0,0.0003571747477453344,-8.279146171188226e-18,0.0019457203060099565
NEVoterAccuracyProject,12,0.0,0.0003571747477453344,3.256434003772847e-05,0.0019457203060099565
Dugin_Aleksandr,12,0.0,0.0003571747477453344,1.7478520340933045e-05,0.0019457203060099565
CafeRevolution,12,0.0,0.0003571747477453344,8.660364416138914e-08,0.0019457203060099565
jurnko,12,0.0,0.0003571747477453344,-3.104679814195584e-18,0.0019457203060099565
KB_Announcments,12,0.0,0.0003571747477453344,-7.451231554069403e-18,0.0019457203060099565
dies6,12,0.0,0.0003571747477453344,7.761699535488962e-20,0.0019457203060099565
annashafran,12,0.0,0.0003571747477453344,-2.2767651970767618e-18,0.0019457203060099565
orfosvinstvo,12,0.0,0.0003571747477453344,4.139573085594113e-18,0.0019457203060099565
JosefSternInformazioniLibere,11,0.0,0.00032741018543322323,1.186209181020231e-10,0.0017845363753345735
brienjames,11,0.0,0.00032741018543322323,1.5966206096541616e-05,0.0017845363753345735
nickmon1112,11,0.0,0.00032741018543322323,0.00010355994278384791,0.0017845363753345735
ProudlyPointless,11,0.0,0.00032741018543322323,-1.241871925678234e-18,0.0017845363753345735
joeldavisx,11,0.0,0.00032741018543322323,1.5435802733515149e-07,0.0017845363753345735
Pi_An0n,11,0.0,0.00032741018543322323,0.0002441249382644093,0.0017845363753345735
ANikimbaev,11,0.0,0.00032741018543322323,-4.139573085594113e-18,0.0017845363753345735
vladivostok1978,11,0.0,0.00032741018543322323,9.107060788307047e-18,0.0017845363753345735
TruthExposedSA,11,0.0,0.00032741018543322323,2.0616288582432914e-05,0.0017845363753345735
dumbdogmemes,11,0.0,0.00032741018543322323,2.3453175127581778e-08,0.0017845363753345735
vzglyad_ru,11,0.0,0.00032741018543322323,7.244252899789696e-19,0.0017845363753345735
serhii_flash,11,0.0,0.00032741018543322323,2.5872331784963206e-19,0.0017845363753345735
ASWman,11,0.0,0.00032741018543322323,-1.0348932713985282e-18,0.0017845363753345735
Aliance0,11,0.0,0.00032741018543322323,1.0348932713985282e-18,0.0017845363753345735
PARUKR,11,0.0,0.00032741018543322323,-4.139573085594113e-18,0.0017845363753345735
zhivoff22,11,0.0,0.00032741018543322323,-1.1590804639663514e-17,0.0017845363753345735
kiritoposting,11,0.0,0.00032741018543322323,-5.174466356992641e-20,0.0017845363753345735
AtlasNewsTelegram,10,0.0,0.00029764562312111203,4.967487702712936e-18,0.0016233524446591927
nan,10,0.0,0.00029764562312111203,1.8026811550531038e-05,0.0016233524446591927
KayleighMcEnany7,10,0.0,0.00029764562312111203,6.999843196131316e-05,0.0016233524446591927
PrivSecGoys,10,0.0,0.00029764562312111203,3.374477055961938e-07,0.0016233524446591927
patriotstreetfighter,10,0.0,0.00029764562312111203,2.0015286092760922e-05,0.0016233524446591927
qclarence,10,0.0,0.00029764562312111203,0.00012568034045161273,0.0016233524446591927
RT_DE_oz,10,0.0,0.00029764562312111203,1.8628078885173508e-18,0.0016233524446591927
bubbakate2023,10,0.0,0.00029764562312111203,1.3832696195737722e-06,0.0016233524446591927
friedentotal_official,10,0.0,0.00029764562312111203,8.184819008763809e-09,0.0016233524446591927
wolframiumZ,10,0.0,0.00029764562312111203,-4.657019721293377e-19,0.0016233524446591927
uslegalnews,10,0.0,0.00029764562312111203,-3.622126449894848e-19,0.0016233524446591927
NewEasternOutlook,9,0.0,0.0002678810608090008,4.078438579050422e-08,0.0014621685139838117
SpaceForceGalacticFederation,9,0.0,0.0002678810608090008,9.340169577576774e-06,0.0014621685139838117
LibertyRisingGroup,9,0.0,0.0002678810608090008,6.423733733622293e-06,0.0014621685139838117
LiveFreeOrDie_au_nz,9,0.0,0.0002678810608090008,3.242941555254428e-14,0.0014621685139838117
truthpills2023,9,0.0,0.0002678810608090008,1.6464551694304934e-06,0.0014621685139838117
JAMESGODDARDNEWS2,9,0.0,0.0002678810608090008,6.909570163970958e-07,0.0014621685139838117
DiogoCohea,9,0.0,0.0002678810608090008,0.0001197903663182798,0.0014621685139838117
presstv,9,0.0,0.0002678810608090008,2.03648256918623e-05,0.0014621685139838117
zainurrashid,9,0.0,0.0002678810608090008,7.244252899789696e-19,0.0014621685139838117
mosiychuk72,9,0.0,0.0002678810608090008,-4.5535303941535236e-18,0.0014621685139838117
CorpusChristi,9,0.0,0.0002678810608090008,6.326538274233011e-07,0.0014621685139838117
seyedjavadmiri,9,0.0,0.0002678810608090008,3.7256157770347016e-18,0.0014621685139838117
Ukraine_vs_Russia_Live,9,0.0,0.0002678810608090008,4.657019721293377e-19,0.0014621685139838117
stand4muslim,9,0.0,0.0002678810608090008,-6.20935962839117e-19,0.0014621685139838117
accendiilcervello,9,0.0,0.0002678810608090008,-2.483743851356468e-18,0.0014621685139838117
DRRobertM,9,0.0,0.0002678810608090008,6.20935962839117e-19,0.0014621685139838117
terzomillennioanni20,9,0.0,0.0002678810608090008,8.279146171188226e-18,0.0014621685139838117
fit4chan,9,0.0,0.0002678810608090008,-2.0697865427970565e-18,0.0014621685139838117
ConsciousM8rix,8,0.0,0.0002381164984968896,0.00015180539409884972,0.001300984583308431
NationalFile,8,0.0,0.0002381164984968896,1.710299965305673e-05,0.001300984583308431
russosphere,8,0.0,0.0002381164984968896,-2.8459564963459522e-19,0.001300984583308431
JuicyFruitForest,8,0.0,0.0002381164984968896,2.144415368937963e-05,0.001300984583308431
worstimeline,8,0.0,0.0002381164984968896,9.577740168884721e-11,0.001300984583308431
Inspectorrhynos,8,0.0,0.0002381164984968896,6.779934890498433e-07,0.001300984583308431
OlgaPetersenAfDTG,8,0.0,0.0002381164984968896,-3.7256157770347016e-18,0.001300984583308431
nationephraim,8,0.0,0.0002381164984968896,8.178090087177871e-09,0.001300984583308431
DNANationalism,8,0.0,0.0002381164984968896,1.4564842038649112e-06,0.001300984583308431
martinezpolitix,8,0.0,0.0002381164984968896,1.5703508031454365e-07,0.001300984583308431
leaveitru,8,0.0,0.0002381164984968896,7.451231554069403e-18,0.001300984583308431
TheSpanishArmy,8,0.0,0.0002381164984968896,4.967487702712936e-18,0.001300984583308431
begtin,8,0.0,0.0002381164984968896,-3.7256157770347016e-18,0.001300984583308431
AnatoliyAmelin,8,0.0,0.0002381164984968896,1.811063224947424e-19,0.001300984583308431
AlexanderJFlint,8,0.0,0.0002381164984968896,-1.4488505799579392e-18,0.001300984583308431
martinsellnerIB,8,0.0,0.0002381164984968896,9.107060788307047e-18,0.001300984583308431
onfleek419,8,0.0,0.0002381164984968896,-5.795402319831757e-18,0.001300984583308431
hoursdumbmemeshit,8,0.0,0.0002381164984968896,6.662228923955165e-15,0.001300984583308431
kub_media,8,0.0,0.0002381164984968896,-3.104679814195584e-18,0.001300984583308431
WhiteAustraliaFirst,7,0.0,0.0002083519361847784,1.0628436445524677e-10,0.00113980065263305
bubbakate,7,0.0,0.0002083519361847784,3.8052778047251656e-07,0.00113980065263305
GalliaDaily,7,0.0,0.0002083519361847784,1.8754657492554587e-09,0.00113980065263305
jungeuropa,7,0.0,0.0002083519361847784,7.900656973614526e-09,0.00113980065263305
shaunattwood,7,0.0,0.0002083519361847784,1.9302370449605454e-06,0.00113980065263305
Targeted_Individuals,7,0.0,0.0002083519361847784,1.7752159127856124e-05,0.00113980065263305
TwilightLastGleaming,7,0.0,0.0002083519361847784,0.0001733479481372878,0.00113980065263305
derblauekanal,7,0.0,0.0002083519361847784,-3.3116584684752902e-18,0.00113980065263305
valopaljastaa,7,0.0,0.0002083519361847784,-1.4488505799579392e-18,0.00113980065263305
meskob,7,0.0,0.0002083519361847784,7.244252899789696e-19,0.00113980065263305
diana_spletni_live,7,0.0,0.0002083519361847784,2.483743851356468e-18,0.00113980065263305
ShaunsShitposts,7,0.0,0.0002083519361847784,9.350110290212702e-08,0.00113980065263305
TruthExtra,7,0.0,0.0002083519361847784,1.052934710720988e-05,0.00113980065263305
PIkanewchannel,7,0.0,0.0002083519361847784,2.902633499818913e-05,0.00113980065263305
aerial2023,7,0.0,0.0002083519361847784,-1.811063224947424e-19,0.00113980065263305
furrymemesuwu,7,0.0,0.0002083519361847784,4.6856916615069646e-08,0.00113980065263305
devakatalk,7,0.0,0.0002083519361847784,1.0348932713985282e-18,0.00113980065263305
nphaslosthismind,7,0.0,0.0002083519361847784,1.339181339711674e-08,0.00113980065263305
KyTakes,7,0.0,0.0002083519361847784,6.6609870520294866e-15,0.00113980065263305
jimborahowaedition,7,0.0,0.0002083519361847784,1.8572597476584305e-09,0.00113980065263305
BenTzionM,7,0.0,0.0002083519361847784,-4.5535303941535236e-18,0.00113980065263305
immigrantcast,7,0.0,0.0002083519361847784,3.622126449894848e-19,0.00113980065263305
breathemoscow,7,0.0,0.0002083519361847784,-2.690722505636173e-18,0.00113980065263305
LazyEditor,7,0.0,0.0002083519361847784,-2.483743851356468e-18,0.00113980065263305
fermate,7,0.0,0.0002083519361847784,8.279146171188226e-18,0.00113980065263305
alexzan_blog,7,0.0,0.0002083519361847784,-4.967487702712936e-18,0.00113980065263305
Freeyourmindkanal,7,0.0,0.0002083519361847784,3.7256157770347016e-18,0.00113980065263305
CerFunhouse,6,0.0,0.0001785873738726672,5.465592156676494e-09,0.0009786167219576693
russiawaytogo,6,0.0,0.0001785873738726672,2.0750122727221062e-05,0.0009786167219576693
Ukraine_most_recent_updates,6,0.0,0.0001785873738726672,-3.104679814195585e-19,0.0009786167219576693
KanekoaTheGreat,6,0.0,0.0001785873738726672,5.794163359675704e-05,0.0009786167219576693
BennyJohnson,6,0.0,0.0001785873738726672,1.3922552919404216e-05,0.0009786167219576693
TrumpChannel,6,0.0,0.0001785873738726672,0.00028929332125322013,0.0009786167219576693
CannCon,6,0.0,0.0001785873738726672,4.4449099343922175e-05,0.0009786167219576693
armoradfem,6,0.0,0.0001785873738726672,-2.3285098606466885e-19,0.0009786167219576693
DrLynnFynn,6,0.0,0.0001785873738726672,2.230634468927735e-05,0.0009786167219576693
TexasNationalistNetwork,6,0.0,0.0001785873738726672,2.7879646282183844e-07,0.0009786167219576693
GREATAWAKENED,6,0.0,0.0001785873738726672,-7.244252899789696e-19,0.0009786167219576693
cas_sa_krati,6,0.0,0.0001785873738726672,2.8232948099162923e-07,0.0009786167219576693
thewowchannel,6,0.0,0.0001785873738726672,6.32153903466558e-07,0.0009786167219576693
St_michaels_operations,6,0.0,0.0001785873738726672,1.2921962663539804e-07,0.0009786167219576693
GunGore,6,0.0,0.0001785873738726672,6.190549656664614e-11,0.0009786167219576693
BlackCrimes,6,0.0,0.0001785873738726672,3.546973452627697e-11,0.0009786167219576693
jandan_pic,6,0.0,0.0001785873738726672,-1.6558292342376451e-18,0.0009786167219576693
thecrowhouseoffical,6,0.0,0.0001785873738726672,7.761699535488962e-20,0.0009786167219576693
priv_girl,6,0.0,0.0001785873738726672,1.5408911105376674e-07,0.0009786167219576693
drmyasnikov,6,0.0,0.0001785873738726672,-1.6558292342376451e-18,0.0009786167219576693
Wobbus,6,0.0,0.0001785873738726672,1.241871925678234e-18,0.0009786167219576693
BabkaNews,6,0.0,0.0001785873738726672,-5.795402319831757e-18,0.0009786167219576693
smolii_ukraine,6,0.0,0.0001785873738726672,2.2767651970767618e-18,0.0009786167219576693
growler_party,6,0.0,0.0001785873738726672,-7.244252899789696e-19,0.0009786167219576693
investigativnyblogSK,6,0.0,0.0001785873738726672,8.279146171188226e-18,0.0009786167219576693
Save_Palestin,6,0.0,0.0001785873738726672,-3.3116584684752902e-18,0.0009786167219576693
white_powder2020,6,0.0,0.0001785873738726672,1.1642549303233443e-19,0.0009786167219576693
TEnemy,6,0.0,0.0001785873738726672,6.279442600730277e-14,0.0009786167219576693
vata_show,6,0.0,0.0001785873738726672,1.8628078885173508e-18,0.0009786167219576693
lema_stories,6,0.0,0.0001785873738726672,-2.0697865427970565e-18,0.0009786167219576693
Memers_Gallery,6,0.0,0.0001785873738726672,-5.795402319831757e-18,0.0009786167219576693
yar_yurchyshyn,6,0.0,0.0001785873738726672,-5.174466356992641e-19,0.0009786167219576693
BitcoinBBQ,6,0.0,0.0001785873738726672,5.0491391496754033e-08,0.0009786167219576693
newscritical,6,0.0,0.0001785873738726672,1.8804096789789073e-07,0.0009786167219576693
Mellig,6,0.0,0.0001785873738726672,4.139573085594113e-18,0.0009786167219576693
MoshangUS,6,0.0,0.0001785873738726672,5.2431282446224136e-06,0.0009786167219576693
csources,6,0.0,0.0001785873738726672,-8.279146171188226e-18,0.0009786167219576693
boris_rozhin,6,0.0,0.0001785873738726672,5.174466356992641e-19,0.0009786167219576693
comitatofortitudo,6,0.0,0.0001785873738726672,-8.279146171188226e-19,0.0009786167219576693
wehrwolfdynamics,6,0.0,0.0001785873738726672,5.381445011272346e-18,0.0009786167219576693
aqtzq17,6,0.0,0.0001785873738726672,-4.5535303941535236e-18,0.0009786167219576693
brekotins,6,0.0,0.0001785873738726672,-2.8977011599158785e-18,0.0009786167219576693
kuzmlab,6,0.0,0.0001785873738726672,-5.795402319831757e-18,0.0009786167219576693
kordon1991,6,0.0,0.0001785873738726672,-7.451231554069403e-18,0.0009786167219576693
europa_the_last_battle_blu_ray,6,0.0,0.0001785873738726672,3.7256157770347016e-18,0.0009786167219576693
jim_watkins,5,0.0,0.00014882281156055601,0.00017447789613937368,0.0008174327912822894
WisconsinAudit,5,0.0,0.00014882281156055601,2.462452149134232e-05,0.0008174327912822894
Johnnys_hideout,5,0.0,0.00014882281156055601,1.712981696066898e-05,0.0008174327912822894
imglover13THGENPATRIOT,5,0.0,0.00014882281156055601,0.00018418567585701278,0.0008174327912822894
EpochTimesAU,5,0.0,0.00014882281156055601,-4.967487702712936e-18,0.0008174327912822894
mattbelair,5,0.0,0.00014882281156055601,1.2866769358176422e-06,0.0008174327912822894
nuestraamerica,5,0.0,0.00014882281156055601,-1.6558292342376451e-18,0.0008174327912822894
TheCovidTruthNet,5,0.0,0.00014882281156055601,2.5363632018355114e-06,0.0008174327912822894
SeniorChaplain,5,0.0,0.00014882281156055601,3.9533927148987195e-06,0.0008174327912822894
odindrugqoom,5,0.0,0.00014882281156055601,-2.8977011599158785e-18,0.0008174327912822894
pookzta,5,0.0,0.00014882281156055601,5.664914112579965e-06,0.0008174327912822894
FundamentalChristianity,5,0.0,0.00014882281156055601,3.3116584684752902e-18,0.0008174327912822894
BlehmLawAZForensicAudit,5,0.0,0.00014882281156055601,0.00012026262302761794,0.0008174327912822894
hfireland,5,0.0,0.00014882281156055601,-5.795402319831757e-18,0.0008174327912822894
freedomgibraltar,5,0.0,0.00014882281156055601,-1.8628078885173508e-18,0.0008174327912822894
irsteelreport,5,0.0,0.00014882281156055601,1.241871925678234e-18,0.0008174327912822894
myLordBebo,5,0.0,0.00014882281156055601,9.447653968921254e-07,0.0008174327912822894
ColeWolfsson,5,0.0,0.00014882281156055601,2.1225903822002393e-07,0.0008174327912822894
bufaleuntantoalchilo,5,0.0,0.00014882281156055601,-4.967487702712936e-18,0.0008174327912822894
antifalivland,5,0.0,0.00014882281156055601,3.3634031320452165e-19,0.0008174327912822894
trut2022,5,0.0,0.00014882281156055601,-1.241871925678234e-18,0.0008174327912822894
popyachsa,5,0.0,0.00014882281156055601,-1.6558292342376451e-18,0.0008174327912822894
geekshit,5,0.0,0.00014882281156055601,-2.0697865427970565e-18,0.0008174327912822894
tecnomemi,5,0.0,0.00014882281156055601,2.3382108606545102e-08,0.0008174327912822894
martin_b_official,5,0.0,0.00014882281156055601,4.139573085594113e-19,0.0008174327912822894
spurensucherblog,5,0.0,0.00014882281156055601,-1.4488505799579392e-18,0.0008174327912822894
trashikrinzh,5,0.0,0.00014882281156055601,-3.7256157770347016e-18,0.0008174327912822894
BismarcksAlptraume,5,0.0,0.00014882281156055601,3.3116584684752902e-18,0.0008174327912822894
vestnikRus,5,0.0,0.00014882281156055601,-3.622126449894848e-19,0.0008174327912822894
dannykollar,5,0.0,0.00014882281156055601,-5.174466356992641e-19,0.0008174327912822894
RipperSec,5,0.0,0.00014882281156055601,1.1054812716540791e-13,0.0008174327912822894
bannedKG,5,0.0,0.00014882281156055601,1.5341967555360577e-05,0.0008174327912822894
Nyakundi,5,0.0,0.00014882281156055601,-4.139573085594113e-18,0.0008174327912822894
PostShitposting,5,0.0,0.00014882281156055601,2.5297581866954677e-11,0.0008174327912822894
tk_group,5,0.0,0.00014882281156055601,-1.241871925678234e-18,0.0008174327912822894
freedom_in_acti0n,5,0.0,0.00014882281156055601,1.8628078885173508e-18,0.0008174327912822894
vxunderground,5,0.0,0.00014882281156055601,-5.795402319831757e-18,0.0008174327912822894
opposite6890_xfire,5,0.0,0.00014882281156055601,1.1383825985383809e-18,0.0008174327912822894
welcome_to_United_States,5,0.0,0.00014882281156055601,-5.174466356992641e-19,0.0008174327912822894
vadimvts1,5,0.0,0.00014882281156055601,1.241871925678234e-18,0.0008174327912822894
piseczizmoskva,5,0.0,0.00014882281156055601,3.104679814195585e-19,0.0008174327912822894
Oriental_Review,4,0.0,0.0001190582492484448,1.241871925678234e-18,0.0006562488606069084
anarcocapitalismoac,4,0.0,0.0001190582492484448,2.0365350466105343e-08,0.0006562488606069084
maliciousany,4,0.0,0.0001190582492484448,8.745973743782436e-05,0.0006562488606069084
CrimeaVoice,4,0.0,0.0001190582492484448,-6.6233169369505805e-18,0.0006562488606069084
GermaniaPost,4,0.0,0.0001190582492484448,-1.4488505799579392e-18,0.0006562488606069084
RealGavinMcInnes,4,0.0,0.0001190582492484448,0.00013734409183601835,0.0006562488606069084
ImperiumPressOfficial,4,0.0,0.0001190582492484448,9.58338401861691e-07,0.0006562488606069084
iGuruDevi,4,0.0,0.0001190582492484448,0.00013193212197183852,0.0006562488606069084
GOrwellBeyond1984,4,0.0,0.0001190582492484448,-3.3116584684752902e-18,0.0006562488606069084
ivetasemetkova,4,0.0,0.0001190582492484448,-3.3116584684752902e-18,0.0006562488606069084
JasonLiosatosOutsideTheBox,4,0.0,0.0001190582492484448,1.5727824027464425e-07,0.0006562488606069084
taungpawtharchannel,4,0.0,0.0001190582492484448,-4.657019721293377e-19,0.0006562488606069084
OdeToPower2,4,0.0,0.0001190582492484448,2.7786629115024372e-05,0.0006562488606069084
no2vaccine,4,0.0,0.0001190582492484448,1.0944254929584308e-05,0.0006562488606069084
triggereveryone,4,0.0,0.0001190582492484448,4.296331881426653e-08,0.0006562488606069084
tomfittonjw,4,0.0,0.0001190582492484448,9.677047429791567e-06,0.0006562488606069084
mr_myshkin,4,0.0,0.0001190582492484448,3.104679814195585e-19,0.0006562488606069084
krothrock,4,0.0,0.0001190582492484448,-1.6558292342376451e-18,0.0006562488606069084
MichiganAudit,4,0.0,0.0001190582492484448,1.9112264002551305e-05,0.0006562488606069084
Marwa_OsmanLB,4,0.0,0.0001190582492484448,1.8822461986701947e-06,0.0006562488606069084
LegioChristi,4,0.0,0.0001190582492484448,-2.0697865427970565e-18,0.0006562488606069084
BasedDataWV,4,0.0,0.0001190582492484448,4.460356605524613e-05,0.0006562488606069084
pandoratv_it,4,0.0,0.0001190582492484448,-3.104679814195585e-19,0.0006562488606069084
Anons17,4,0.0,0.0001190582492484448,2.483743851356468e-18,0.0006562488606069084
agavr_today,4,0.0,0.0001190582492484448,-6.6233169369505805e-18,0.0006562488606069084
bci_ru,4,0.0,0.0001190582492484448,1.4488505799579392e-18,0.0006562488606069084
the_high_council_of_frens,4,0.0,0.0001190582492484448,-4.5535303941535236e-18,0.0006562488606069084
siegfrieddaebritz,4,0.0,0.0001190582492484448,-3.3116584684752902e-18,0.0006562488606069084
tatyanavpopova,4,0.0,0.0001190582492484448,-4.967487702712936e-18,0.0006562488606069084
defendevropa,4,0.0,0.0001190582492484448,-5.174466356992641e-19,0.0006562488606069084
awakeningproject,4,0.0,0.0001190582492484448,1.2751359371188573e-10,0.0006562488606069084
PAWales,4,0.0,0.0001190582492484448,1.540079795169827e-07,0.0006562488606069084
antonioporto73,4,0.0,0.0001190582492484448,1.183395624962426e-10,0.0006562488606069084
borodafm,4,0.0,0.0001190582492484448,-1.4488505799579392e-18,0.0006562488606069084
diedsuddenlyworldwide,4,0.0,0.0001190582492484448,-2.0697865427970565e-18,0.0006562488606069084
DownTheRabbitHoleagain,4,0.0,0.0001190582492484448,1.8780877978456197e-07,0.0006562488606069084
sanbartolomeozerodosi,4,0.0,0.0001190582492484448,3.3116584684752902e-18,0.0006562488606069084
last2004,4,0.0,0.0001190582492484448,-6.20935962839117e-19,0.0006562488606069084
friday_the13th,4,0.0,0.0001190582492484448,1.6558292342376451e-18,0.0006562488606069084
tpolit,4,0.0,0.0001190582492484448,2.0697865427970565e-18,0.0006562488606069084
Reka_Smorodina,4,0.0,0.0001190582492484448,-3.622126449894848e-19,0.0006562488606069084
islamophobiawatch,4,0.0,0.0001190582492484448,-3.3116584684752902e-18,0.0006562488606069084
footballandartemfrankov,4,0.0,0.0001190582492484448,-2.0697865427970565e-18,0.0006562488606069084
Nasimov,4,0.0,0.0001190582492484448,-4.657019721293377e-19,0.0006562488606069084
NWERvU,4,0.0,0.0001190582492484448,-2.0697865427970565e-18,0.0006562488606069084
meandadhd,4,0.0,0.0001190582492484448,-8.279146171188226e-19,0.0006562488606069084
muertesxvacunascovid19,4,0.0,0.0001190582492484448,7.761699535488962e-20,0.0006562488606069084
lubomirvolnyoficialni,4,0.0,0.0001190582492484448,-1.1383825985383809e-18,0.0006562488606069084
rusofobiadaily,4,0.0,0.0001190582492484448,-3.3116584684752902e-18,0.0006562488606069084
eco8man,4,0.0,0.0001190582492484448,4.967487702712936e-18,0.0006562488606069084
themask_diemaske,4,0.0,0.0001190582492484448,8.16947816569382e-09,0.0006562488606069084
WLM_USA_MONTANA,4,0.0,0.0001190582492484448,-1.6558292342376451e-18,0.0006562488606069084
FallawsophyJFD,3,0.0,8.92936869363336e-05,1.813030379665711e-06,0.0004950649299315273
EARTH20GENESIS,3,0.0,8.92936869363336e-05,2.0415451468254142e-05,0.0004950649299315273
goddek,3,0.0,8.92936869363336e-05,1.532779697798121e-06,0.0004950649299315273
praying_medic,3,0.0,8.92936869363336e-05,8.743672474774003e-05,0.0004950649299315273
qresearch_at,3,0.0,8.92936869363336e-05,1.241871925678234e-18,0.0004950649299315273
watch547q,3,0.0,8.92936869363336e-05,5.171257101047787e-08,0.0004950649299315273
noremorse_iran_palestina,3,0.0,8.92936869363336e-05,1.183084140715814e-10,0.0004950649299315273
TheQFile,3,0.0,8.92936869363336e-05,1.0933764972037912e-05,0.0004950649299315273
schizosteading,3,0.0,8.92936869363336e-05,2.2191518115155855e-07,0.0004950649299315273
irelandasinrepublicofireland,3,0.0,8.92936869363336e-05,-2.483743851356468e-18,0.0004950649299315273
the_yana_poplavskaya,3,0.0,8.92936869363336e-05,3.104679814195585e-19,0.0004950649299315273
edimsp,3,0.0,8.92936869363336e-05,1.4488505799579392e-18,0.0004950649299315273
navigatingthelies,3,0.0,8.92936869363336e-05,1.0348932713985282e-18,0.0004950649299315273
shitpostpressomemes,3,0.0,8.92936869363336e-05,-2.483743851356468e-18,0.0004950649299315273
truthpilled,3,0.0,8.92936869363336e-05,4.657019721293377e-19,0.0004950649299315273
DieWahrheitKommt,3,0.0,8.92936869363336e-05,2.0697865427970565e-18,0.0004950649299315273
miacum,3,0.0,8.92936869363336e-05,3.7256157770347016e-18,0.0004950649299315273
TRUreportingPosts,3,0.0,8.92936869363336e-05,4.139573085594113e-18,0.0004950649299315273
RealQstradamus,3,0.0,8.92936869363336e-05,8.96111911692368e-05,0.0004950649299315273
DrEdithUbuntu,3,0.0,8.92936869363336e-05,2.8977011599158785e-18,0.0004950649299315273
VenezuelaNewsNetwork,3,0.0,8.92936869363336e-05,-3.3116584684752902e-18,0.0004950649299315273
ancreport,3,0.0,8.92936869363336e-05,0.00012023195959363722,0.0004950649299315273
ksantyZ,3,0.0,8.92936869363336e-05,8.279146171188226e-19,0.0004950649299315273
officialjonmiller,3,0.0,8.92936869363336e-05,1.0673967083259743e-06,0.0004950649299315273
ArkansasGroyper1,3,0.0,8.92936869363336e-05,1.6208959785678778e-05,0.0004950649299315273
VermontAudit,3,0.0,8.92936869363336e-05,3.026417740395839e-06,0.0004950649299315273
Jew_World_Order,3,0.0,8.92936869363336e-05,3.5441732798096775e-11,0.0004950649299315273
Ateobreaking,3,0.0,8.92936869363336e-05,8.843082153063594e-23,0.0004950649299315273
na_begu,3,0.0,8.92936869363336e-05,-2.483743851356468e-18,0.0004950649299315273
takingTexasback,3,0.0,8.92936869363336e-05,4.754322835529159e-06,0.0004950649299315273
SoothingWhitePillsChannel,3,0.0,8.92936869363336e-05,9.325420002148442e-06,0.0004950649299315273
SaveKC,3,0.0,8.92936869363336e-05,-2.483743851356468e-18,0.0004950649299315273
dvdhomak,3,0.0,8.92936869363336e-05,2.4615320612596337e-11,0.0004950649299315273
TruckersForFreedomGlobal,3,0.0,8.92936869363336e-05,4.644519206815938e-06,0.0004950649299315273
ladyinfQrmd,3,0.0,8.92936869363336e-05,0.00012393221071389852,0.0004950649299315273
canalexrp,3,0.0,8.92936869363336e-05,1.6876722395616251e-06,0.0004950649299315273
official_fireduptxlawyer,3,0.0,8.92936869363336e-05,0.00011954534777236879,0.0004950649299315273
BoganChristainLobby,3,0.0,8.92936869363336e-05,6.554659302416303e-11,0.0004950649299315273
PSDinfo,3,0.0,8.92936869363336e-05,1.6558292342376451e-18,0.0004950649299315273
returnofthemark,3,0.0,8.92936869363336e-05,1.9212682539331118e-07,0.0004950649299315273
LebUpdate,3,0.0,8.92936869363336e-05,3.3116584684752902e-18,0.0004950649299315273
theaftertimes,3,0.0,8.92936869363336e-05,-6.20935962839117e-19,0.0004950649299315273
TechnocraticNW,3,0.0,8.92936869363336e-05,5.124660870507309e-07,0.0004950649299315273
bellerophon420,3,0.0,8.92936869363336e-05,1.5306474027247923e-07,0.0004950649299315273
cognitive_life,3,0.0,8.92936869363336e-05,2.0697865427970565e-18,0.0004950649299315273
che_bello_disegnare,3,0.0,8.92936869363336e-05,4.967487702712936e-18,0.0004950649299315273
anarchopirateball,3,0.0,8.92936869363336e-05,2.3350663684340702e-08,0.0004950649299315273
bitcoin,3,0.0,8.92936869363336e-05,4.139573085594113e-19,0.0004950649299315273
unlimitedhangout,3,0.0,8.92936869363336e-05,1.2597353758224124e-08,0.0004950649299315273
news_de,3,0.0,8.92936869363336e-05,-1.5523399070977924e-19,0.0004950649299315273
sveta_kaverzina,3,0.0,8.92936869363336e-05,-2.483743851356468e-18,0.0004950649299315273
freedomeandjustice,3,0.0,8.92936869363336e-05,2.8977011599158785e-18,0.0004950649299315273
interpretaciya,3,0.0,8.92936869363336e-05,2.8977011599158785e-18,0.0004950649299315273
elespiadeltelon,3,0.0,8.92936869363336e-05,-4.657019721293377e-19,0.0004950649299315273
rubin_tbc,3,0.0,8.92936869363336e-05,2.483743851356468e-18,0.0004950649299315273
sumyliketop,3,0.0,8.92936869363336e-05,2.0697865427970564e-19,0.0004950649299315273
prozapas77,3,0.0,8.92936869363336e-05,-2.8977011599158785e-18,0.0004950649299315273
bohunbrigade,3,0.0,8.92936869363336e-05,-4.967487702712936e-18,0.0004950649299315273
eli_tsipori,3,0.0,8.92936869363336e-05,-6.20935962839117e-19,0.0004950649299315273
Deutsch_Russische_Freunde,3,0.0,8.92936869363336e-05,2.0697865427970565e-18,0.0004950649299315273
FoodHistory,3,0.0,8.92936869363336e-05,-1.6558292342376451e-18,0.0004950649299315273
geneticista,3,0.0,8.92936869363336e-05,1.241871925678234e-18,0.0004950649299315273
tsehakron,3,0.0,8.92936869363336e-05,-2.483743851356468e-18,0.0004950649299315273
eurounity,3,0.0,8.92936869363336e-05,1.8553049967470024e-09,0.0004950649299315273
triteisalrite,3,0.0,8.92936869363336e-05,1.6558292342376451e-18,0.0004950649299315273
myrnohrad_ua,3,0.0,8.92936869363336e-05,-3.3116584684752902e-18,0.0004950649299315273
stranacoil,3,0.0,8.92936869363336e-05,1.6286469584903455e-06,0.0004950649299315273
JacobAWohl,3,0.0,8.92936869363336e-05,4.5045801988161495e-05,0.0004950649299315273
playmastermovie,3,0.0,8.92936869363336e-05,1.1830840765524313e-10,0.0004950649299315273
olamhabriut,3,0.0,8.92936869363336e-05,-2.483743851356468e-18,0.0004950649299315273
provitaefamiglia,3,0.0,8.92936869363336e-05,1.4488505799579392e-18,0.0004950649299315273
AnarchoGardening,3,0.0,8.92936869363336e-05,-3.3116584684752902e-18,0.0004950649299315273
thissecretchannel,3,0.0,8.92936869363336e-05,4.139573085594113e-19,0.0004950649299315273
medicalksu,3,0.0,8.92936869363336e-05,3.104679814195585e-19,0.0004950649299315273
TaumieI,3,0.0,8.92936869363336e-05,-1.6558292342376451e-18,0.0004950649299315273
DissidencePeople,3,0.0,8.92936869363336e-05,3.3116584684752902e-18,0.0004950649299315273
mairbekv,3,0.0,8.92936869363336e-05,1.0348932713985282e-19,0.0004950649299315273
prbyyar,3,0.0,8.92936869363336e-05,-5.174466356992641e-19,0.0004950649299315273
pennydrops,3,0.0,8.92936869363336e-05,-5.795402319831757e-18,0.0004950649299315273
thingsgayfurriessay,3,0.0,8.92936869363336e-05,6.20935962839117e-19,0.0004950649299315273
bazhenovteam,3,0.0,8.92936869363336e-05,2.483743851356468e-18,0.0004950649299315273
Primorye_za,3,0.0,8.92936869363336e-05,3.7256157770347016e-18,0.0004950649299315273
KyivFashionHell,3,0.0,8.92936869363336e-05,-4.967487702712936e-18,0.0004950649299315273
whitefilin,3,0.0,8.92936869363336e-05,-2.483743851356468e-18,0.0004950649299315273
avvablog,3,0.0,8.92936869363336e-05,-4.139573085594113e-18,0.0004950649299315273
delyagin,3,0.0,8.92936869363336e-05,-1.0348932713985282e-18,0.0004950649299315273
vostalep,3,0.0,8.92936869363336e-05,-1.6558292342376451e-18,0.0004950649299315273
Rogatkinlive,3,0.0,8.92936869363336e-05,2.483743851356468e-18,0.0004950649299315273
VidarRising,3,0.0,8.92936869363336e-05,1.0673967083260779e-06,0.0004950649299315273
sputnik_afrique,3,0.0,8.92936869363336e-05,2.8977011599158785e-18,0.0004950649299315273
WitnessMeIAmAwaited,3,0.0,8.92936869363336e-05,2.483743851356468e-18,0.0004950649299315273
museumgorodn,3,0.0,8.92936869363336e-05,-3.7256157770347016e-18,0.0004950649299315273
data_csv,3,0.0,8.92936869363336e-05,-7.761699535488962e-20,0.0004950649299315273
zloyodessit,3,0.0,8.92936869363336e-05,4.139573085594113e-18,0.0004950649299315273
spidey_scentces,3,0.0,8.92936869363336e-05,1.4488505799579392e-18,0.0004950649299315273
severodonetsk1934,3,0.0,8.92936869363336e-05,-1.0348932713985282e-18,0.0004950649299315273
lobaev_vlad,3,0.0,8.92936869363336e-05,-1.241871925678234e-18,0.0004950649299315273
miluimnikim,3,0.0,8.92936869363336e-05,3.3116584684752902e-18,0.0004950649299315273
usariots,3,0.0,8.92936869363336e-05,-8.279146171188226e-19,0.0004950649299315273
snowqueen023,3,0.0,8.92936869363336e-05,-1.6558292342376451e-18,0.0004950649299315273
streamforunder,3,0.0,8.92936869363336e-05,-1.4488505799579392e-18,0.0004950649299315273
ostapstakhiv,3,0.0,8.92936869363336e-05,-1.241871925678234e-18,0.0004950649299315273
FlyoverConservatives,3,0.0,8.92936869363336e-05,1.8546469332897061e-06,0.0004950649299315273
palavandishviltan,3,0.0,8.92936869363336e-05,-4.139573085594113e-19,0.0004950649299315273
offshorechannel,3,0.0,8.92936869363336e-05,3.7256157770347016e-18,0.0004950649299315273
angrybonds,3,0.0,8.92936869363336e-05,1.0348932713985282e-18,0.0004950649299315273
criminiyoutuber,3,0.0,8.92936869363336e-05,1.913027533362544e-11,0.0004950649299315273
opinionilibertarienews,3,0.0,8.92936869363336e-05,-1.6558292342376451e-18,0.0004950649299315273
gromadykyiv,3,0.0,8.92936869363336e-05,-2.483743851356468e-18,0.0004950649299315273
snowhalation,3,0.0,8.92936869363336e-05,-4.139573085594113e-19,0.0004950649299315273
INFILTRATEDbyTRUTHPunisher,3,0.0,8.92936869363336e-05,-2.483743851356468e-18,0.0004950649299315273
anthro_fun,3,0.0,8.92936869363336e-05,-8.279146171188226e-19,0.0004950649299315273
NorthOfNothing,3,0.0,8.92936869363336e-05,-3.7256157770347016e-18,0.0004950649299315273
UkrainianCanada,3,0.0,8.92936869363336e-05,-8.279146171188226e-19,0.0004950649299315273
tankacrvenalinija,3,0.0,8.92936869363336e-05,-2.8977011599158785e-18,0.0004950649299315273
Miro_Del,3,0.0,8.92936869363336e-05,1.8628078885173508e-18,0.0004950649299315273
beholdme,3,0.0,8.92936869363336e-05,2.8977011599158785e-18,0.0004950649299315273
infoliberascelta,3,0.0,8.92936869363336e-05,-1.241871925678234e-18,0.0004950649299315273
pugilatoNSHC,3,0.0,8.92936869363336e-05,8.279146171188226e-19,0.0004950649299315273
fighter_bomber,3,0.0,8.92936869363336e-05,-4.139573085594113e-18,0.0004950649299315273
ostorojnovirusSvobody,3,0.0,8.92936869363336e-05,5.795402319831757e-18,0.0004950649299315273
donrf22,3,0.0,8.92936869363336e-05,1.241871925678234e-18,0.0004950649299315273
hznyo,3,0.0,8.92936869363336e-05,8.279146171188226e-19,0.0004950649299315273
black_slipper,3,0.0,8.92936869363336e-05,-6.20935962839117e-19,0.0004950649299315273
gistapapapa,3,0.0,8.92936869363336e-05,3.3116584684752902e-18,0.0004950649299315273
sskarnaukhov,3,0.0,8.92936869363336e-05,2.8977011599158785e-18,0.0004950649299315273
zapashnyru,3,0.0,8.92936869363336e-05,2.483743851356468e-18,0.0004950649299315273
catholicsirl,3,0.0,8.92936869363336e-05,-2.0697865427970565e-18,0.0004950649299315273
akhbarefori,3,0.0,8.92936869363336e-05,-2.8977011599158785e-18,0.0004950649299315273
fieryfiles,3,0.0,8.92936869363336e-05,2.0697865427970565e-18,0.0004950649299315273
yobajur,3,0.0,8.92936869363336e-05,8.279146171188226e-19,0.0004950649299315273
roumdcat,3,0.0,8.92936869363336e-05,-2.483743851356468e-18,0.0004950649299315273
eretzh,3,0.0,8.92936869363336e-05,-2.483743851356468e-18,0.0004950649299315273
rodast_omiddana,3,0.0,8.92936869363336e-05,4.139573085594113e-18,0.0004950649299315273
beneficiaryvlady,3,0.0,8.92936869363336e-05,-2.8977011599158785e-18,0.0004950649299315273
africafordummies,3,0.0,8.92936869363336e-05,3.3116584684752902e-18,0.0004950649299315273
alekseystefanov,3,0.0,8.92936869363336e-05,5.174466356992641e-19,0.0004950649299315273
snimulapshu,3,0.0,8.92936869363336e-05,1.6558292342376451e-18,0.0004950649299315273
thisisnotatable,3,0.0,8.92936869363336e-05,-7.244252899789696e-19,0.0004950649299315273
flfreedomkeepers,3,0.0,8.92936869363336e-05,-6.20935962839117e-19,0.0004950649299315273
Canada_channel,3,0.0,8.92936869363336e-05,2.5872331784963206e-19,0.0004950649299315273
Rodnoy_Dagestan,3,0.0,8.92936869363336e-05,3.7256157770347016e-18,0.0004950649299315273
intuition2036,3,0.0,8.92936869363336e-05,-2.8977011599158785e-18,0.0004950649299315273
mister_sosister,3,0.0,8.92936869363336e-05,3.3116584684752902e-18,0.0004950649299315273
TheOchsReport,3,0.0,8.92936869363336e-05,-5.174466356992641e-19,0.0004950649299315273
inssurgente,3,0.0,8.92936869363336e-05,5.795402319831757e-18,0.0004950649299315273
catturd2tg,3,0.0,8.92936869363336e-05,-2.0697865427970565e-18,0.0004950649299315273
dearsafrica,3,0.0,8.92936869363336e-05,1.259735375739621e-08,0.0004950649299315273
HYanchenko,3,0.0,8.92936869363336e-05,9.314039442586754e-19,0.0004950649299315273
rachblevins,3,0.0,8.92936869363336e-05,1.0348932713985282e-18,0.0004950649299315273
freieOldenburger,3,0.0,8.92936869363336e-05,-6.20935962839117e-19,0.0004950649299315273
eticadigitale,3,0.0,8.92936869363336e-05,-1.4488505799579392e-18,0.0004950649299315273
modesteschwartz,3,0.0,8.92936869363336e-05,1.4488505799579392e-18,0.0004950649299315273
stratpol,3,0.0,8.92936869363336e-05,-6.6233169369505805e-18,0.0004950649299315273
tasown,3,0.0,8.92936869363336e-05,4.139573085594113e-19,0.0004950649299315273
news_forfree,3,0.0,8.92936869363336e-05,4.139573085594113e-19,0.0004950649299315273
komsagram,3,0.0,8.92936869363336e-05,3.622126449894848e-19,0.0004950649299315273
edgylifter85,3,0.0,8.92936869363336e-05,-3.3116584684752902e-18,0.0004950649299315273
Republic_Of_GaGauZia,3,0.0,8.92936869363336e-05,3.3116584684752902e-18,0.0004950649299315273
babylon_c,3,0.0,8.92936869363336e-05,5.795402319831757e-18,0.0004950649299315273
napolinews,3,0.0,8.92936869363336e-05,1.241871925678234e-18,0.0004950649299315273
awakenindiamovement,2,0.0,5.95291246242224e-05,1.1177955026935797e-05,0.00033388099925614646
WashougalMoms,2,0.0,5.95291246242224e-05,3.9250289857307367e-07,0.00033388099925614646
Dayna_Teaches,2,0.0,5.95291246242224e-05,1.6558292342376451e-18,0.00033388099925614646
environmental_updates,2,0.0,5.95291246242224e-05,2.439371805569535e-06,0.00033388099925614646
Jegermig9,2,0.0,5.95291246242224e-05,2.4274633744025676e-06,0.00033388099925614646
fields_of_wheat,2,0.0,5.95291246242224e-05,8.279146171188226e-19,0.00033388099925614646
whatskraken21,2,0.0,5.95291246242224e-05,0.00011925630414238228,0.00033388099925614646
bibeltreuePredigten,2,0.0,5.95291246242224e-05,-1.6558292342376451e-18,0.00033388099925614646
gaychannellessgoo,2,0.0,5.95291246242224e-05,2.334451957680286e-08,0.00033388099925614646
librehash,2,0.0,5.95291246242224e-05,1.6558292342376451e-18,0.00033388099925614646
Hyer971,2,0.0,5.95291246242224e-05,1.0348932713985282e-18,0.00033388099925614646
katotheca,2,0.0,5.95291246242224e-05,5.795402319831757e-18,0.00033388099925614646
ETheFriend,2,0.0,5.95291246242224e-05,7.244252899789696e-19,0.00033388099925614646
holarchan,2,0.0,5.95291246242224e-05,-2.483743851356468e-18,0.00033388099925614646
prizhimov,2,0.0,5.95291246242224e-05,-6.20935962839117e-19,0.00033388099925614646
GoBPH,2,0.0,5.95291246242224e-05,1.4331279034482112e-05,0.00033388099925614646
geopoliticaresistente,2,0.0,5.95291246242224e-05,-7.761699535488962e-20,0.00033388099925614646
tkrofficial,2,0.0,5.95291246242224e-05,-1.6558292342376451e-18,0.00033388099925614646
xdaynewsRED,2,0.0,5.95291246242224e-05,6.20935962839117e-19,0.00033388099925614646
sandmanproject,2,0.0,5.95291246242224e-05,2.483743851356468e-18,0.00033388099925614646
BANNEDdotVIDEO,2,0.0,5.95291246242224e-05,-1.6558292342376451e-18,0.00033388099925614646
MariaVladimirovnaZakharova,2,0.0,5.95291246242224e-05,-1.4488505799579392e-18,0.00033388099925614646
SputnikInt,2,0.0,5.95291246242224e-05,2.0697865427970565e-18,0.00033388099925614646
electionevidence,2,0.0,5.95291246242224e-05,1.2357801664522799e-05,0.00033388099925614646
Grumpy_Rabbit,2,0.0,5.95291246242224e-05,0.0001192563041423865,0.00033388099925614646
PatAltSW,2,0.0,5.95291246242224e-05,1.9022978925871351e-07,0.00033388099925614646
AppleArseholes,2,0.0,5.95291246242224e-05,2.334451958301222e-08,0.00033388099925614646
altarofspeed2,2,0.0,5.95291246242224e-05,-4.139573085594113e-18,0.00033388099925614646
kcConvoy,2,0.0,5.95291246242224e-05,4.967487702712936e-18,0.00033388099925614646
posadacarriles1959,2,0.0,5.95291246242224e-05,1.2436484254342138e-08,0.00033388099925614646
whisperoftruth,2,0.0,5.95291246242224e-05,1.8601974669555776e-06,0.00033388099925614646
push_yozh_iz_tszh,2,0.0,5.95291246242224e-05,-7.244252899789696e-19,0.00033388099925614646
PennsylvaniaAudit,2,0.0,5.95291246242224e-05,3.104679814195585e-19,0.00033388099925614646
AllPatriotsNetwork,2,0.0,5.95291246242224e-05,1.469899819916555e-07,0.00033388099925614646
Communism,2,0.0,5.95291246242224e-05,-5.795402319831757e-18,0.00033388099925614646
BreakTheBrokenConsensus,2,0.0,5.95291246242224e-05,1.539269333489586e-07,0.00033388099925614646
aliancenarodnichsil,2,0.0,5.95291246242224e-05,2.483743851356468e-18,0.00033388099925614646
natasakado_official,2,0.0,5.95291246242224e-05,-8.279146171188226e-19,0.00033388099925614646
bionchannel,2,0.0,5.95291246242224e-05,1.9207627235790907e-07,0.00033388099925614646
opendatascience,2,0.0,5.95291246242224e-05,-1.5523399070977924e-19,0.00033388099925614646
bathlist,2,0.0,5.95291246242224e-05,-1.241871925678234e-18,0.00033388099925614646
BauerVerbraucherGrafschaft,2,0.0,5.95291246242224e-05,1.0348932713985282e-19,0.00033388099925614646
DreiEngelMissionsgruppe,2,0.0,5.95291246242224e-05,-1.0348932713985282e-18,0.00033388099925614646
redPillAwaken,2,0.0,5.95291246242224e-05,1.241871925678234e-18,0.00033388099925614646
roland_staiger,2,0.0,5.95291246242224e-05,8.279146171188226e-19,0.00033388099925614646
wobbliechannel,2,0.0,5.95291246242224e-05,2.0697865427970564e-19,0.00033388099925614646
zmanemmet,2,0.0,5.95291246242224e-05,5.795402319831757e-18,0.00033388099925614646
tagesschau,2,0.0,5.95291246242224e-05,1.241871925678234e-18,0.00033388099925614646
derstrammegermane,2,0.0,5.95291246242224e-05,8.874865509066796e-10,0.00033388099925614646
Wasserstoffperoxid,2,0.0,5.95291246242224e-05,9.055076631806041e-09,0.00033388099925614646
VolksentscheidMF,2,0.0,5.95291246242224e-05,-1.6558292342376451e-18,0.00033388099925614646
CoronaWahnsinnStoppen,2,0.0,5.95291246242224e-05,-1.2936165892481603e-19,0.00033388099925614646
ein_prozent,2,0.0,5.95291246242224e-05,6.20935962839117e-19,0.00033388099925614646
demosby,2,0.0,5.95291246242224e-05,-2.0697865427970565e-18,0.00033388099925614646
brittsche,2,0.0,5.95291246242224e-05,4.967487702712936e-18,0.00033388099925614646
Mouton_Resilient_Channel,2,0.0,5.95291246242224e-05,2.0697865427970565e-18,0.00033388099925614646
ExtremeHealthRadio2,2,0.0,5.95291246242224e-05,1.5329857070403037e-05,0.00033388099925614646
thoughts_and_algorithms,2,0.0,5.95291246242224e-05,1.241871925678234e-18,0.00033388099925614646
augmented_brain,2,0.0,5.95291246242224e-05,2.0697865427970565e-18,0.00033388099925614646
VAMFATRUTH,2,0.0,5.95291246242224e-05,5.795402319831757e-18,0.00033388099925614646
bantmedia,2,0.0,5.95291246242224e-05,-2.483743851356468e-18,0.00033388099925614646
nonosgustanlosprogres,2,0.0,5.95291246242224e-05,6.20935962839117e-19,0.00033388099925614646
healingthebody,2,0.0,5.95291246242224e-05,4.139573085594113e-18,0.00033388099925614646
ConstitutionPartyGA,2,0.0,5.95291246242224e-05,-6.6233169369505805e-18,0.00033388099925614646
conservatorii,2,0.0,5.95291246242224e-05,1.241871925678234e-18,0.00033388099925614646
MikeBlazerX,2,0.0,5.95291246242224e-05,-2.483743851356468e-18,0.00033388099925614646
BrooklynGuru393,2,0.0,5.95291246242224e-05,7.244252899789696e-19,0.00033388099925614646
takeourborderback,2,0.0,5.95291246242224e-05,2.7702826465236563e-05,0.00033388099925614646
MisterDolphinNotes,2,0.0,5.95291246242224e-05,-4.139573085594113e-19,0.00033388099925614646
homeostatic_universe,2,0.0,5.95291246242224e-05,-1.6558292342376451e-18,0.00033388099925614646
TFC_8,2,0.0,5.95291246242224e-05,2.8977011599158785e-18,0.00033388099925614646
longcovid_mecfs_eds,2,0.0,5.95291246242224e-05,2.483743851356468e-18,0.00033388099925614646
best_isp,2,0.0,5.95291246242224e-05,6.20935962839117e-19,0.00033388099925614646
MARK37public,2,0.0,5.95291246242224e-05,1.6036020825959168e-06,0.00033388099925614646
PauNoCuDoBolsonaro,2,0.0,5.95291246242224e-05,4.967487702712936e-18,0.00033388099925614646
toukonotes,2,0.0,5.95291246242224e-05,5.795402319831757e-18,0.00033388099925614646
nsdelzap1,2,0.0,5.95291246242224e-05,6.20935962839117e-19,0.00033388099925614646
NSDVKhersone,2,0.0,5.95291246242224e-05,5.174466356992641e-19,0.00033388099925614646
historiaufo,2,0.0,5.95291246242224e-05,2.8977011599158785e-18,0.00033388099925614646
robertoforcione,2,0.0,5.95291246242224e-05,3.3116584684752902e-18,0.00033388099925614646
dildoshnaya,2,0.0,5.95291246242224e-05,-2.5872331784963205e-20,0.00033388099925614646
ustim1960,2,0.0,5.95291246242224e-05,-2.0697865427970565e-18,0.00033388099925614646
moscowtokyo,2,0.0,5.95291246242224e-05,-2.0697865427970565e-18,0.00033388099925614646
purgatoriobh,2,0.0,5.95291246242224e-05,6.20935962839117e-19,0.00033388099925614646
bezfiltrov_show,2,0.0,5.95291246242224e-05,-2.0697865427970565e-18,0.00033388099925614646
romania_ru,2,0.0,5.95291246242224e-05,1.811063224947424e-19,0.00033388099925614646
ma_renzhi,2,0.0,5.95291246242224e-05,-2.0697865427970564e-19,0.00033388099925614646
olympgeom,2,0.0,5.95291246242224e-05,7.761699535488962e-20,0.00033388099925614646
Vratskiy,2,0.0,5.95291246242224e-05,-1.6558292342376451e-18,0.00033388099925614646
AlexJonesTherapist,2,0.0,5.95291246242224e-05,7.060103826518664e-08,0.00033388099925614646
ilduc,2,0.0,5.95291246242224e-05,2.483743851356468e-18,0.00033388099925614646
clnlsprmcst,2,0.0,5.95291246242224e-05,1.0348932713985282e-18,0.00033388099925614646
morgancjonas,2,0.0,5.95291246242224e-05,5.174466356992641e-19,0.00033388099925614646
WRONGOP,2,0.0,5.95291246242224e-05,1.1916919495845077e-06,0.00033388099925614646
Soldados,2,0.0,5.95291246242224e-05,6.20935962839117e-19,0.00033388099925614646
LiquorGunsBaconTrump,2,0.0,5.95291246242224e-05,5.816455400660144e-08,0.00033388099925614646
medusanewsfeed,2,0.0,5.95291246242224e-05,-1.0348932713985282e-18,0.00033388099925614646
GaniAbadan,2,0.0,5.95291246242224e-05,2.5872331784963206e-19,0.00033388099925614646
forumcommissionecovid,2,0.0,5.95291246242224e-05,4.139573085594113e-18,0.00033388099925614646
andrei_ermolenko,2,0.0,5.95291246242224e-05,2.5872331784963206e-19,0.00033388099925614646
RIFairElectionsandEducation,2,0.0,5.95291246242224e-05,-3.880849767744481e-20,0.00033388099925614646
kart_elios,2,0.0,5.95291246242224e-05,-4.967487702712936e-18,0.00033388099925614646
pu05z,2,0.0,5.95291246242224e-05,-1.241871925678234e-18,0.00033388099925614646
angelinatroyann,2,0.0,5.95291246242224e-05,1.5523399070977924e-19,0.00033388099925614646
morecamberesist,2,0.0,5.95291246242224e-05,-3.880849767744481e-20,0.00033388099925614646
Absurdistan1,2,0.0,5.95291246242224e-05,-2.0697865427970564e-19,0.00033388099925614646
officialProudBoysScotland,2,0.0,5.95291246242224e-05,1.067115851434951e-06,0.00033388099925614646
vladbiletchi,2,0.0,5.95291246242224e-05,-2.0697865427970565e-18,0.00033388099925614646
indaafrica,2,0.0,5.95291246242224e-05,3.3116584684752902e-18,0.00033388099925614646
irv_official,2,0.0,5.95291246242224e-05,-2.5872331784963206e-19,0.00033388099925614646
agentura08,2,0.0,5.95291246242224e-05,-8.279146171188226e-19,0.00033388099925614646
straights_for_equality,2,0.0,5.95291246242224e-05,3.3116584684752902e-18,0.00033388099925614646
folkresearch,2,0.0,5.95291246242224e-05,5.795402319831757e-18,0.00033388099925614646
beatricepiraccini1972,2,0.0,5.95291246242224e-05,2.483743851356468e-18,0.00033388099925614646
potehaklio,2,0.0,5.95291246242224e-05,1.6558292342376451e-18,0.00033388099925614646
cryptoiska,2,0.0,5.95291246242224e-05,-1.0348932713985282e-18,0.00033388099925614646
vremya4,2,0.0,5.95291246242224e-05,3.3116584684752902e-18,0.00033388099925614646
netrunner,2,0.0,5.95291246242224e-05,2.483743851356468e-18,0.00033388099925614646
AnimalEqualityItalia,2,0.0,5.95291246242224e-05,-1.0348932713985282e-19,0.00033388099925614646
Sarov_Abzac,2,0.0,5.95291246242224e-05,1.2936165892481603e-19,0.00033388099925614646
catmemesandvideos,2,0.0,5.95291246242224e-05,5.174466356992641e-19,0.00033388099925614646
romchernyshev,2,0.0,5.95291246242224e-05,3.3116584684752902e-18,0.00033388099925614646
BehindTheLineMedia,2,0.0,5.95291246242224e-05,8.279146171188226e-19,0.00033388099925614646
videotekashow,2,0.0,5.95291246242224e-05,1.6558292342376451e-18,0.00033388099925614646
sonini_papers,2,0.0,5.95291246242224e-05,2.483743851356468e-18,0.00033388099925614646
daneshagahi,2,0.0,5.95291246242224e-05,-1.6558292342376451e-18,0.00033388099925614646
kavuncity,2,0.0,5.95291246242224e-05,-1.241871925678234e-18,0.00033388099925614646
rasantro,2,0.0,5.95291246242224e-05,1.0348932713985282e-18,0.00033388099925614646
MELEGATEAM,2,0.0,5.95291246242224e-05,-1.6558292342376451e-18,0.00033388099925614646
agituha,2,0.0,5.95291246242224e-05,-2.0697865427970565e-18,0.00033388099925614646
pertsevisthere,2,0.0,5.95291246242224e-05,8.279146171188226e-19,0.00033388099925614646
ActionZealandia,2,0.0,5.95291246242224e-05,-6.20935962839117e-19,0.00033388099925614646
afric_ylbIbka,2,0.0,5.95291246242224e-05,2.8977011599158785e-18,0.00033388099925614646
RICASE2020,1,0.0,2.97645623121112e-05,1.7634105764669785e-06,0.00017269706858076542
shadow_works,1,0.0,2.97645623121112e-05,2.4268249883059625e-06,0.00017269706858076542
factsmania777,1,0.0,2.97645623121112e-05,8.739073567950736e-05,0.00017269706858076542
shitpostandaesthetics,1,0.0,2.97645623121112e-05,4.7713981011354096e-08,0.00017269706858076542
merissahamiltonaz,1,0.0,2.97645623121112e-05,3.2070938731358444e-05,0.00017269706858076542
capacityexpansion,1,0.0,2.97645623121112e-05,-1.0348932713985282e-18,0.00017269706858076542
AfricanStream,1,0.0,2.97645623121112e-05,-1.0348932713985282e-18,0.00017269706858076542
twicetoldtales,1,0.0,2.97645623121112e-05,1.811063224947424e-19,0.00017269706858076542
kinseigo,1,0.0,2.97645623121112e-05,1.6558292342376451e-18,0.00017269706858076542
Jegermig6,1,0.0,2.97645623121112e-05,-1.241871925678234e-18,0.00017269706858076542
updatenews2023,1,0.0,2.97645623121112e-05,-1.6558292342376451e-18,0.00017269706858076542
nazbolunion,1,0.0,2.97645623121112e-05,7.761699535488962e-20,0.00017269706858076542
RoganStein,1,0.0,2.97645623121112e-05,7.073113648880298e-08,0.00017269706858076542
tippingpointuk,1,0.0,2.97645623121112e-05,0.00013616739045755304,0.00017269706858076542
tayniyuzbek,1,0.0,2.97645623121112e-05,-5.174466356992641e-19,0.00017269706858076542
VerifyQus,1,0.0,2.97645623121112e-05,-1.6558292342376451e-18,0.00017269706858076542
anti_semitic,1,0.0,2.97645623121112e-05,5.174466356992641e-19,0.00017269706858076542
KurdisCat,1,0.0,2.97645623121112e-05,-1.5523399070977924e-19,0.00017269706858076542
reiveritatem,1,0.0,2.97645623121112e-05,-2.0697865427970565e-18,0.00017269706858076542
GodSquadPatriot,1,0.0,2.97645623121112e-05,2.5872331784963205e-20,0.00017269706858076542
hammernewsnetwork,1,0.0,2.97645623121112e-05,3.253711399573475e-08,0.00017269706858076542
lilykorea,1,0.0,2.97645623121112e-05,-3.3116584684752902e-18,0.00017269706858076542
brodetsky_2,1,0.0,2.97645623121112e-05,-2.0697865427970565e-18,0.00017269706858076542
botg23,1,0.0,2.97645623121112e-05,1.5523399070977924e-19,0.00017269706858076542
Lisichanskinfo,1,0.0,2.97645623121112e-05,-2.0697865427970565e-18,0.00017269706858076542
TheBoglord,1,0.0,2.97645623121112e-05,6.582524184418675e-08,0.00017269706858076542
neuroinrp,1,0.0,2.97645623121112e-05,8.279146171188226e-19,0.00017269706858076542
JustTheSauce,1,0.0,2.97645623121112e-05,1.532582448970449e-05,0.00017269706858076542
shartedpantslol,1,0.0,2.97645623121112e-05,-6.20935962839117e-19,0.00017269706858076542
chipda,1,0.0,2.97645623121112e-05,-8.279146171188226e-19,0.00017269706858076542
Slovensko_slovakom,1,0.0,2.97645623121112e-05,2.0697865427970565e-18,0.00017269706858076542
TXAuditNews,1,0.0,2.97645623121112e-05,-1.4488505799579392e-18,0.00017269706858076542
fljeeper71DVA,1,0.0,2.97645623121112e-05,1.0348932713985282e-18,0.00017269706858076542
DF_P1,1,0.0,2.97645623121112e-05,5.236232114516776e-06,0.00017269706858076542
Nederland_Wordt_Wakker,1,0.0,2.97645623121112e-05,1.5445585469301646e-05,0.00017269706858076542
Digitalntelligence,1,0.0,2.97645623121112e-05,1.241871925678234e-18,0.00017269706858076542
yieldchannel,1,0.0,2.97645623121112e-05,6.20935962839117e-19,0.00017269706858076542
realgabrielmareAF,1,0.0,2.97645623121112e-05,1.53886442249358e-07,0.00017269706858076542
LaurenWitzkeOfficial,1,0.0,2.97645623121112e-05,1.241871925678234e-18,0.00017269706858076542
lovelyanarchistmemes,1,0.0,2.97645623121112e-05,2.3338378711792615e-08,0.00017269706858076542
channelredline,1,0.0,2.97645623121112e-05,2.483743851356468e-18,0.00017269706858076542
speculator_75,1,0.0,2.97645623121112e-05,1.0348932713985282e-19,0.00017269706858076542
chiefmoody,1,0.0,2.97645623121112e-05,1.5388644225049636e-07,0.00017269706858076542
shoeposting,1,0.0,2.97645623121112e-05,6.419465721992431e-08,0.00017269706858076542
thingsyoumightbeinterestedin,1,0.0,2.97645623121112e-05,2.652051211886062e-06,0.00017269706858076542
Palestine_Resist,1,0.0,2.97645623121112e-05,-2.0697865427970565e-18,0.00017269706858076542
ilcanarinonellaminieradicarbone,1,0.0,2.97645623121112e-05,-2.0697865427970565e-18,0.00017269706858076542
SamAdamZTN,1,0.0,2.97645623121112e-05,-8.279146171188226e-19,0.00017269706858076542
TexasPB,1,0.0,2.97645623121112e-05,4.139573085594113e-19,0.00017269706858076542
dailygrind,1,0.0,2.97645623121112e-05,-8.279146171188226e-19,0.00017269706858076542
garu_ch,1,0.0,2.97645623121112e-05,4.139573085594113e-19,0.00017269706858076542
meta_modern,1,0.0,2.97645623121112e-05,1.6558292342376451e-18,0.00017269706858076542
UnknownRebels,1,0.0,2.97645623121112e-05,-6.20935962839117e-19,0.00017269706858076542
brainshare,1,0.0,2.97645623121112e-05,-2.483743851356468e-18,0.00017269706858076542
ksenyaboletskaya,1,0.0,2.97645623121112e-05,2.5872331784963206e-19,0.00017269706858076542
RGSMemeDump,1,0.0,2.97645623121112e-05,1.6558292342376451e-18,0.00017269706858076542
The_Reaper_Says,1,0.0,2.97645623121112e-05,5.174466356992641e-19,0.00017269706858076542
koenigsblau_Denkfabrik,1,0.0,2.97645623121112e-05,6.20935962839117e-19,0.00017269706858076542
ShellShQck,1,0.0,2.97645623121112e-05,2.483743851356468e-18,0.00017269706858076542
Tacheles_von_Peter_Echevers,1,0.0,2.97645623121112e-05,2.483743851356468e-18,0.00017269706858076542
UnserGlaubeistderSieg,1,0.0,2.97645623121112e-05,-1.241871925678234e-18,0.00017269706858076542
bedezsolt,1,0.0,2.97645623121112e-05,2.5872331784963205e-20,0.00017269706858076542
FreyjasBulletinInternational,1,0.0,2.97645623121112e-05,-3.104679814195585e-19,0.00017269706858076542
Airborne1126,1,0.0,2.97645623121112e-05,-2.0697865427970565e-18,0.00017269706858076542
allinformierendes_Daniel,1,0.0,2.97645623121112e-05,8.279146171188226e-19,0.00017269706858076542
laguerrecontrelenom,1,0.0,2.97645623121112e-05,4.139573085594113e-19,0.00017269706858076542
global_observers,1,0.0,2.97645623121112e-05,-8.279146171188226e-19,0.00017269706858076542
ElvisPresley_theKing,1,0.0,2.97645623121112e-05,6.20935962839117e-19,0.00017269706858076542
mmcru,1,0.0,2.97645623121112e-05,-1.0348932713985282e-18,0.00017269706858076542
JamesWindsorGI,1,0.0,2.97645623121112e-05,1.0348932713985282e-18,0.00017269706858076542
reforum,1,0.0,2.97645623121112e-05,6.20935962839117e-19,0.00017269706858076542
HarmonyHope,1,0.0,2.97645623121112e-05,1.2290998754664728e-07,0.00017269706858076542
TradRussia,1,0.0,2.97645623121112e-05,-7.761699535488962e-20,0.00017269706858076542
lowlyingscience,1,0.0,2.97645623121112e-05,-2.483743851356468e-18,0.00017269706858076542
katakdirebus,1,0.0,2.97645623121112e-05,-1.6558292342376451e-18,0.00017269706858076542
mamodemeemstash,1,0.0,2.97645623121112e-05,2.0697865427970565e-18,0.00017269706858076542
epivakoronews,1,0.0,2.97645623121112e-05,1.6558292342376451e-18,0.00017269706858076542
GoyGirl,1,0.0,2.97645623121112e-05,1.241871925678234e-18,0.00017269706858076542
prensabox,1,0.0,2.97645623121112e-05,-5.174466356992641e-19,0.00017269706858076542
toastpilled_channel,1,0.0,2.97645623121112e-05,1.245433279018403e-07,0.00017269706858076542
TheFascifistArchive,1,0.0,2.97645623121112e-05,8.279146171188226e-19,0.00017269706858076542
cotlovan_contrust,1,0.0,2.97645623121112e-05,2.0697865427970564e-19,0.00017269706858076542
SAScorp,1,0.0,2.97645623121112e-05,4.139573085594113e-19,0.00017269706858076542
La_satira_di_Satyrus,1,0.0,2.97645623121112e-05,1.1824617054513478e-10,0.00017269706858076542
ReunificacionistasRioplatenses,1,0.0,2.97645623121112e-05,-1.241871925678234e-18,0.00017269706858076542
IniciaelCambioLC,1,0.0,2.97645623121112e-05,4.967487702712936e-18,0.00017269706858076542
parentalrebuffmoscow2020,1,0.0,2.97645623121112e-05,5.174466356992641e-19,0.00017269706858076542
eXtinctionRebellion,1,0.0,2.97645623121112e-05,2.483743851356468e-18,0.00017269706858076542
BarrrsGroup,1,0.0,2.97645623121112e-05,-1.0348932713985282e-18,0.00017269706858076542
RobertSepehr,1,0.0,2.97645623121112e-05,-2.5872331784963206e-19,0.00017269706858076542
ksubeauty,1,0.0,2.97645623121112e-05,-1.241871925678234e-18,0.00017269706858076542
giannici_official,1,0.0,2.97645623121112e-05,-2.0697865427970564e-19,0.00017269706858076542
trudovonline,1,0.0,2.97645623121112e-05,1.0348932713985282e-18,0.00017269706858076542
ElectionIntegrityMAChan,1,0.0,2.97645623121112e-05,1.0348932713985282e-18,0.00017269706858076542
szhurova,1,0.0,2.97645623121112e-05,-7.244252899789696e-19,0.00017269706858076542
rainbowewewewewew,1,0.0,2.97645623121112e-05,-3.3116584684752902e-18,0.00017269706858076542
joonigger,1,0.0,2.97645623121112e-05,2.8977011599158785e-18,0.00017269706858076542
crimeanewscom,1,0.0,2.97645623121112e-05,-6.468082946240802e-20,0.00017269706858076542
contaniments,1,0.0,2.97645623121112e-05,-1.0348932713985282e-18,0.00017269706858076542
Socialnazionalismo,1,0.0,2.97645623121112e-05,-2.8977011599158785e-18,0.00017269706858076542
QFScryptosurfer,1,0.0,2.97645623121112e-05,1.241871925678234e-18,0.00017269706858076542
unpluggingthematrix,1,0.0,2.97645623121112e-05,2.483743851356468e-18,0.00017269706858076542
Supernov2022,1,0.0,2.97645623121112e-05,-2.0697865427970564e-19,0.00017269706858076542
electionintegrityinwashpa,1,0.0,2.97645623121112e-05,3.2612724453808443e-08,0.00017269706858076542
EnfrardgenomAsien,1,0.0,2.97645623121112e-05,-2.483743851356468e-18,0.00017269706858076542
sdselivanova,1,0.0,2.97645623121112e-05,2.483743851356468e-18,0.00017269706858076542
oleksiihoncharenko,1,0.0,2.97645623121112e-05,2.483743851356468e-18,0.00017269706858076542
MarkFinchemAZ,1,0.0,2.97645623121112e-05,2.44441525398462e-06,0.00017269706858076542
guidetokulchur,1,0.0,2.97645623121112e-05,1.2936165892481603e-19,0.00017269706858076542
AmericaFirstAudits,1,0.0,2.97645623121112e-05,4.139573085594113e-19,0.00017269706858076542
rupor_project,1,0.0,2.97645623121112e-05,-2.0697865427970564e-19,0.00017269706858076542
korobov_latyncev,1,0.0,2.97645623121112e-05,-5.795402319831757e-18,0.00017269706858076542
donbasspacifique,1,0.0,2.97645623121112e-05,-3.104679814195585e-19,0.00017269706858076542
TogoIntel,1,0.0,2.97645623121112e-05,-4.139573085594113e-19,0.00017269706858076542
SETexasProudBoys,1,0.0,2.97645623121112e-05,9.437712995016738e-07,0.00017269706858076542
ultimaoramd,1,0.0,2.97645623121112e-05,1.241871925678234e-18,0.00017269706858076542
whitedatenet,1,0.0,2.97645623121112e-05,4.967487702712936e-18,0.00017269706858076542
MattWalshShow,1,0.0,2.97645623121112e-05,-1.241871925678234e-18,0.00017269706858076542
zuppaposting,1,0.0,2.97645623121112e-05,2.483743851356468e-18,0.00017269706858076542
maitanov_online,1,0.0,2.97645623121112e-05,1.5523399070977924e-19,0.00017269706858076542
YeYintH,1,0.0,2.97645623121112e-05,2.8977011599158785e-18,0.00017269706858076542
ColumbusProudBoys,1,0.0,2.97645623121112e-05,-8.279146171188226e-19,0.00017269706858076542
My_Name_Is_MarQ_1111,1,0.0,2.97645623121112e-05,-8.279146171188226e-19,0.00017269706858076542
southernnat,1,0.0,2.97645623121112e-05,1.0348932713985282e-18,0.00017269706858076542
AmalekInternationalV5,1,0.0,2.97645623121112e-05,-1.0348932713985282e-18,0.00017269706858076542
fightwing,1,0.0,2.97645623121112e-05,1.0348932713985282e-18,0.00017269706858076542
hanzpal,1,0.0,2.97645623121112e-05,8.279146171188226e-19,0.00017269706858076542
poppysfieldproject,1,0.0,2.97645623121112e-05,1.8538403450026193e-09,0.00017269706858076542
Saararchiv,1,0.0,2.97645623121112e-05,-1.0348932713985282e-18,0.00017269706858076542
cinema_boogaloo,1,0.0,2.97645623121112e-05,-6.20935962839117e-19,0.00017269706858076542
Trump2021news,1,0.0,2.97645623121112e-05,6.20935962839117e-19,0.00017269706858076542
aktuellekrise,1,0.0,2.97645623121112e-05,-2.0697865427970565e-18,0.00017269706858076542
fakel_mrg,1,0.0,2.97645623121112e-05,-4.139573085594113e-19,0.00017269706858076542
musk_twitter,1,0.0,2.97645623121112e-05,-6.20935962839117e-19,0.00017269706858076542
UkrRuSSwar,1,0.0,2.97645623121112e-05,-8.279146171188226e-19,0.00017269706858076542
RuedigerKlosMdL,1,0.0,2.97645623121112e-05,-5.174466356992641e-19,0.00017269706858076542
BellonasWarRoom,1,0.0,2.97645623121112e-05,-2.483743851356468e-18,0.00017269706858076542
fugone_o_resistenza,1,0.0,2.97645623121112e-05,-2.483743851356468e-18,0.00017269706858076542
interslavicthings,1,0.0,2.97645623121112e-05,-2.0697865427970565e-18,0.00017269706858076542
natalibera25,1,0.0,2.97645623121112e-05,-2.0697865427970565e-18,0.00017269706858076542
TheWesternist,1,0.0,2.97645623121112e-05,-1.6558292342376451e-18,0.00017269706858076542
deathinformation_ua,1,0.0,2.97645623121112e-05,8.279146171188226e-19,0.00017269706858076542
anele_english,1,0.0,2.97645623121112e-05,2.0697865427970565e-18,0.00017269706858076542
VociDallaStrada,1,0.0,2.97645623121112e-05,-1.6558292342376451e-18,0.00017269706858076542
stopzoofascism,1,0.0,2.97645623121112e-05,-8.279146171188226e-19,0.00017269706858076542
sadomazonin_d,1,0.0,2.97645623121112e-05,3.3116584684752902e-18,0.00017269706858076542
WLM_USA_MINNESOTA,1,0.0,2.97645623121112e-05,-4.139573085594113e-19,0.00017269706858076542
NAMANMV,1,0.0,2.97645623121112e-05,-1.0348932713985282e-18,0.00017269706858076542
NeuroniFunzionanti,1,0.0,2.97645623121112e-05,1.6170207365602004e-20,0.00017269706858076542
Myxbits,1,0.0,2.97645623121112e-05,-3.3116584684752902e-18,0.00017269706858076542
prometheus,1,0.0,2.97645623121112e-05,-4.139573085594113e-18,0.00017269706858076542
alzatiitaliaofficial,1,0.0,2.97645623121112e-05,-1.6558292342376451e-18,0.00017269706858076542
MelGibsonsFlask,1,0.0,2.97645623121112e-05,-9.05531612473712e-20,0.00017269706858076542
tierraplana,1,0.0,2.97645623121112e-05,3.3116584684752902e-18,0.00017269706858076542
TN_Nationalists,1,0.0,2.97645623121112e-05,-4.139573085594113e-18,0.00017269706858076542
tempest_exults,1,0.0,2.97645623121112e-05,-3.3116584684752902e-18,0.00017269706858076542
ApocaypticProphetsResurrected,1,0.0,2.97645623121112e-05,-7.244252899789696e-19,0.00017269706858076542
NASBUR,1,0.0,2.97645623121112e-05,1.6558292342376451e-18,0.00017269706858076542
kubanec,1,0.0,2.97645623121112e-05,1.0348932713985282e-18,0.00017269706858076542
Dark_Enlightenment,1,0.0,2.97645623121112e-05,1.2433212789679472e-08,0.00017269706858076542
Thirdintifada,1,0.0,2.97645623121112e-05,2.0697865427970565e-18,0.00017269706858076542
terremotilive24,1,0.0,2.97645623121112e-05,6.20935962839117e-19,0.00017269706858076542
JurijBondarenko,1,0.0,2.97645623121112e-05,-1.2936165892481603e-19,0.00017269706858076542
cine_fan,1,0.0,2.97645623121112e-05,2.483743851356468e-18,0.00017269706858076542
reconquistahelvetica,1,0.0,2.97645623121112e-05,-3.3116584684752902e-18,0.00017269706858076542
Divuhim0,1,0.0,2.97645623121112e-05,1.0348932713985282e-18,0.00017269706858076542
winsdobro,1,0.0,2.97645623121112e-05,-5.174466356992641e-20,0.00017269706858076542
nppstnz,1,0.0,2.97645623121112e-05,1.4488505799579392e-18,0.00017269706858076542
nezlamni_980,1,0.0,2.97645623121112e-05,-1.241871925678234e-18,0.00017269706858076542
manoftruthofficial,1,0.0,2.97645623121112e-05,-6.20935962839117e-19,0.00017269706858076542
alexkolmak,1,0.0,2.97645623121112e-05,-3.104679814195585e-19,0.00017269706858076542
nadgrobmir,1,0.0,2.97645623121112e-05,-2.483743851356468e-18,0.00017269706858076542
IntheboxWithJohnLawrence,1,0.0,2.97645623121112e-05,1.6558292342376451e-18,0.00017269706858076542
jemalloc,1,0.0,2.97645623121112e-05,4.139573085594113e-19,0.00017269706858076542
XRVJSV,1,0.0,2.97645623121112e-05,1.241871925678234e-18,0.00017269706858076542
deutschlandverstehen,1,0.0,2.97645623121112e-05,1.241871925678234e-18,0.00017269706858076542
redpillresistance,1,0.0,2.97645623121112e-05,2.0697865427970565e-18,0.00017269706858076542
Fx99999infox99999,1,0.0,2.97645623121112e-05,-4.967487702712936e-18,0.00017269706858076542
eurojugend,1,0.0,2.97645623121112e-05,1.0348932713985282e-18,0.00017269706858076542
Tinktweets45,1,0.0,2.97645623121112e-05,4.139573085594113e-18,0.00017269706858076542
tomokoshimoyama,1,0.0,2.97645623121112e-05,5.795402319831757e-18,0.00017269706858076542
Mykola_Kuleba,1,0.0,2.97645623121112e-05,-1.0348932713985282e-18,0.00017269706858076542
coltonboyles,1,0.0,2.97645623121112e-05,5.795402319831757e-18,0.00017269706858076542
marvbolgang,1,0.0,2.97645623121112e-05,-1.2936165892481602e-20,0.00017269706858076542
okolofoto,1,0.0,2.97645623121112e-05,1.241871925678234e-18,0.00017269706858076542
bapaxlo,1,0.0,2.97645623121112e-05,-2.483743851356468e-18,0.00017269706858076542
galaxyverge,1,0.0,2.97645623121112e-05,-8.279146171188226e-19,0.00017269706858076542
blubbybulletin,1,0.0,2.97645623121112e-05,3.3116584684752902e-18,0.00017269706858076542
random_curated,1,0.0,2.97645623121112e-05,-1.6558292342376451e-18,0.00017269706858076542
Big_Cheesen,1,0.0,2.97645623121112e-05,1.2936165892481603e-19,0.00017269706858076542
endilluminati_2,1,0.0,2.97645623121112e-05,-1.241871925678234e-18,0.00017269706858076542
PowerEnergetics,1,0.0,2.97645623121112e-05,-1.241871925678234e-18,0.00017269706858076542
peopleexistingtogetherpeaceably,1,0.0,2.97645623121112e-05,-6.20935962839117e-19,0.00017269706858076542
PunisherBriefings,1,0.0,2.97645623121112e-05,3.104679814195585e-19,0.00017269706858076542
alexandr_ozoransky,1,0.0,2.97645623121112e-05,-3.104679814195585e-19,0.00017269706858076542
r_antiwork,1,0.0,2.97645623121112e-05,-2.0697865427970565e-18,0.00017269706858076542
Laut_er_staerke,1,0.0,2.97645623121112e-05,2.0697865427970565e-18,0.00017269706858076542
USRBO,1,0.0,2.97645623121112e-05,2.483743851356468e-18,0.00017269706858076542
wrmbr,1,0.0,2.97645623121112e-05,2.483743851356468e-18,0.00017269706858076542
indigoworldwidecommunity,1,0.0,2.97645623121112e-05,2.8977011599158785e-18,0.00017269706858076542
dereference_pointer_there,1,0.0,2.97645623121112e-05,-1.241871925678234e-18,0.00017269706858076542
AuditTheVoteKansas,1,0.0,2.97645623121112e-05,4.139573085594113e-19,0.00017269706858076542
MO_Can,1,0.0,2.97645623121112e-05,1.241871925678234e-18,0.00017269706858076542
